,passthru_price__price,num_pipeline__carheight,num_pipeline__carwidth,num_pipeline__wheelbase,num_pipeline__citympg,num_pipeline__cylindernumber,num_pipeline__highwaympg,num_pipeline__carlength,num_pipeline__enginesize,num_pipeline__compressionratio,num_pipeline__boreratio,num_pipeline__stroke,num_pipeline__curbweight,num_pipeline__horsepower,num_pipeline__symboling,num_pipeline__peakrpm,categ_pipeline__carbody_convertible,categ_pipeline__carbody_hardtop,categ_pipeline__carbody_hatchback,categ_pipeline__carbody_sedan,categ_pipeline__carbody_wagon,categ_pipeline__name_Nissan,categ_pipeline__name_alfa-romero,categ_pipeline__name_audi,categ_pipeline__name_bmw,categ_pipeline__name_buick,categ_pipeline__name_chevrolet,categ_pipeline__name_dodge,categ_pipeline__name_honda,categ_pipeline__name_isuzu,categ_pipeline__name_jaguar,categ_pipeline__name_maxda,categ_pipeline__name_mazda,categ_pipeline__name_mercury,categ_pipeline__name_mitsubishi,categ_pipeline__name_nissan,categ_pipeline__name_peugeot,categ_pipeline__name_plymouth,categ_pipeline__name_porcshce,categ_pipeline__name_porsche,categ_pipeline__name_renault,categ_pipeline__name_saab,categ_pipeline__name_subaru,categ_pipeline__name_toyota,categ_pipeline__name_toyouta,categ_pipeline__name_vokswagen,categ_pipeline__name_volkswagen,categ_pipeline__name_volvo,categ_pipeline__name_vw,categ_pipeline__drivewheels_4wd,categ_pipeline__drivewheels_fwd,categ_pipeline__drivewheels_rwd,categ_pipeline__doornumbers_four,categ_pipeline__doornumbers_two,categ_pipeline__fueltypes_diesel,categ_pipeline__fueltypes_gas
0,13495.0,0.08004270767353656,0.19806991376209315,0.0,0.2776317365982794,0.16705408466316624,0.30368241379822214,0.3236140816778444,0.21056476910734964,0.11778303565638346,0.5093960309563963,0.287682072451781,0.29004558099707595,0.22314355131420976,0.6931471805599453,0.3780661339200498,1.0,0.0,0.0,0.0,0.0,0.0,1.0,0.0,0.0,0.0,0.0,0.0,0.0,0.0,0.0,0.0,0.0,0.0,0.0,0.0,0.0,0.0,0.0,0.0,0.0,0.0,0.0,0.0,0.0,0.0,0.0,0.0,0.0,0.0,0.0,1.0,0.0,1.0,0.0,1.0
1,16500.0,0.08004270767353656,0.19806991376209315,0.0,0.2776317365982794,0.16705408466316624,0.30368241379822214,0.3236140816778444,0.21056476910734964,0.11778303565638346,0.5093960309563963,0.287682072451781,0.29004558099707595,0.22314355131420976,0.6931471805599453,0.3780661339200498,1.0,0.0,0.0,0.0,0.0,0.0,1.0,0.0,0.0,0.0,0.0,0.0,0.0,0.0,0.0,0.0,0.0,0.0,0.0,0.0,0.0,0.0,0.0,0.0,0.0,0.0,0.0,0.0,0.0,0.0,0.0,0.0,0.0,0.0,0.0,1.0,0.0,1.0,0.0,1.0
2,16500.0,0.32449604557449724,0.3018667074437377,0.2073951943460706,0.2151113796169455,0.3101549283038396,0.2795848622191615,0.35829963966573414,0.2778684510034563,0.11778303565638346,0.09531017980432493,0.5681661703812357,0.38297074017169164,0.3592140904574088,0.47000362924573563,0.3780661339200498,0.0,0.0,1.0,0.0,0.0,0.0,1.0,0.0,0.0,0.0,0.0,0.0,0.0,0.0,0.0,0.0,0.0,0.0,0.0,0.0,0.0,0.0,0.0,0.0,0.0,0.0,0.0,0.0,0.0,0.0,0.0,0.0,0.0,0.0,0.0,1.0,0.0,1.0,0.0,1.0
3,13950.0,0.4328640822962787,0.34998595578793595,0.3629054936893685,0.36464311358790924,0.16705408466316624,0.3726752852851735,0.43220466915006345,0.14179791186025734,0.17185025692665923,0.3813675565291038,0.5462560607454913,0.21239024790455568,0.1921600057942426,0.5877866649021191,0.5479651707154473,0.0,0.0,0.0,1.0,0.0,0.0,0.0,1.0,0.0,0.0,0.0,0.0,0.0,0.0,0.0,0.0,0.0,0.0,0.0,0.0,0.0,0.0,0.0,0.0,0.0,0.0,0.0,0.0,0.0,0.0,0.0,0.0,0.0,0.0,1.0,0.0,1.0,0.0,0.0,1.0
4,17450.0,0.4328640822962787,0.3633194866574017,0.3519764231571782,0.1823215567939546,0.24116205681688804,0.17693070815907824,0.43220466915006345,0.22937410106484582,0.06062462181643484,0.3813675565291038,0.5462560607454913,0.38329337285718096,0.23661176836507633,0.5877866649021191,0.5479651707154473,0.0,0.0,0.0,1.0,0.0,0.0,0.0,1.0,0.0,0.0,0.0,0.0,0.0,0.0,0.0,0.0,0.0,0.0,0.0,0.0,0.0,0.0,0.0,0.0,0.0,0.0,0.0,0.0,0.0,0.0,0.0,0.0,0.0,1.0,0.0,0.0,1.0,0.0,0.0,1.0
5,15250.0,0.3657998517157331,0.35667494393873256,0.3629054936893685,0.2151113796169455,0.24116205681688804,0.25489224962879004,0.4413971173342279,0.22937410106484582,0.08961215868968714,0.3813675565291038,0.5462560607454913,0.27542074390983423,0.21974796231307156,0.5877866649021191,0.5479651707154473,0.0,0.0,0.0,1.0,0.0,0.0,0.0,1.0,0.0,0.0,0.0,0.0,0.0,0.0,0.0,0.0,0.0,0.0,0.0,0.0,0.0,0.0,0.0,0.0,0.0,0.0,0.0,0.0,0.0,0.0,0.0,0.0,0.0,0.0,1.0,0.0,0.0,1.0,0.0,1.0
6,17710.0,0.5058130819424466,0.6493445579015525,0.5139457511022341,0.2151113796169455,0.24116205681688804,0.25489224962879004,0.6248074058633788,0.22937410106484582,0.08961215868968714,0.3813675565291038,0.5462560607454913,0.38972426318747133,0.21974796231307156,0.47000362924573563,0.5479651707154473,0.0,0.0,0.0,1.0,0.0,0.0,0.0,1.0,0.0,0.0,0.0,0.0,0.0,0.0,0.0,0.0,0.0,0.0,0.0,0.0,0.0,0.0,0.0,0.0,0.0,0.0,0.0,0.0,0.0,0.0,0.0,0.0,0.0,0.0,1.0,0.0,1.0,0.0,0.0,1.0
7,18920.0,0.5058130819424466,0.6493445579015525,0.5139457511022341,0.2151113796169455,0.24116205681688804,0.25489224962879004,0.6248074058633788,0.22937410106484582,0.08961215868968714,0.3813675565291038,0.5462560607454913,0.4243733986006456,0.21974796231307156,0.47000362924573563,0.5479651707154473,0.0,0.0,0.0,0.0,1.0,0.0,0.0,1.0,0.0,0.0,0.0,0.0,0.0,0.0,0.0,0.0,0.0,0.0,0.0,0.0,0.0,0.0,0.0,0.0,0.0,0.0,0.0,0.0,0.0,0.0,0.0,0.0,0.0,0.0,1.0,0.0,1.0,0.0,0.0,1.0
8,23875.0,0.5158131652770299,0.6493445579015525,0.5139457511022341,0.1484200051182734,0.24116205681688804,0.12136085700426734,0.6248074058633788,0.21372432939771813,0.07811777926395207,0.3516624021151881,0.5462560607454913,0.4644272963525043,0.31691171076671926,0.47000362924573563,0.5479651707154473,0.0,0.0,0.0,1.0,0.0,0.0,0.0,1.0,0.0,0.0,0.0,0.0,0.0,0.0,0.0,0.0,0.0,0.0,0.0,0.0,0.0,0.0,0.0,0.0,0.0,0.0,0.0,0.0,0.0,0.0,0.0,0.0,0.0,0.0,1.0,0.0,1.0,0.0,0.0,1.0
9,17859.167,0.30010459245033816,0.45802743819902025,0.35471990910292905,0.11332868530700327,0.24116205681688804,0.17693070815907824,0.45309315709741876,0.21372432939771813,0.0,0.3516624021151881,0.5462560607454913,0.4545632199589683,0.37680985234778835,0.3364722366212129,0.5479651707154473,0.0,0.0,1.0,0.0,0.0,0.0,0.0,1.0,0.0,0.0,0.0,0.0,0.0,0.0,0.0,0.0,0.0,0.0,0.0,0.0,0.0,0.0,0.0,0.0,0.0,0.0,0.0,0.0,0.0,0.0,0.0,0.0,0.0,1.0,0.0,0.0,0.0,1.0,0.0,1.0
10,16430.0,0.4328640822962787,0.251314428280906,0.4002431641270127,0.3364722366212129,0.16705408466316624,0.35020242943311497,0.43483971678806876,0.13840232285911913,0.10660973505825827,0.5221893824163057,0.33569129163814154,0.23434419549390423,0.18865737524304055,0.5877866649021191,0.6375773294051345,0.0,0.0,0.0,1.0,0.0,0.0,0.0,0.0,1.0,0.0,0.0,0.0,0.0,0.0,0.0,0.0,0.0,0.0,0.0,0.0,0.0,0.0,0.0,0.0,0.0,0.0,0.0,0.0,0.0,0.0,0.0,0.0,0.0,0.0,0.0,1.0,0.0,1.0,0.0,1.0
11,16925.0,0.4328640822962787,0.251314428280906,0.4002431641270127,0.3364722366212129,0.16705408466316624,0.35020242943311497,0.43483971678806876,0.13840232285911913,0.10660973505825827,0.5221893824163057,0.33569129163814154,0.23434419549390423,0.18865737524304055,0.3364722366212129,0.6375773294051345,0.0,0.0,0.0,1.0,0.0,0.0,0.0,0.0,1.0,0.0,0.0,0.0,0.0,0.0,0.0,0.0,0.0,0.0,0.0,0.0,0.0,0.0,0.0,0.0,0.0,0.0,0.0,0.0,0.0,0.0,0.0,0.0,0.0,0.0,0.0,1.0,1.0,0.0,0.0,1.0
12,20970.0,0.4328640822962787,0.251314428280906,0.4002431641270127,0.2776317365982794,0.3101549283038396,0.3272129112084162,0.43483971678806876,0.3127557100038969,0.11778303565638346,0.4382549309311553,0.4774892034983989,0.345825960483079,0.25647997158180147,0.3364722366212129,0.05264373348542188,0.0,0.0,0.0,1.0,0.0,0.0,0.0,0.0,1.0,0.0,0.0,0.0,0.0,0.0,0.0,0.0,0.0,0.0,0.0,0.0,0.0,0.0,0.0,0.0,0.0,0.0,0.0,0.0,0.0,0.0,0.0,0.0,0.0,0.0,0.0,1.0,0.0,1.0,0.0,1.0
13,21105.0,0.4328640822962787,0.251314428280906,0.4002431641270127,0.2776317365982794,0.3101549283038396,0.3272129112084162,0.43483971678806876,0.3127557100038969,0.11778303565638346,0.4382549309311553,0.4774892034983989,0.36407767006130787,0.25647997158180147,0.3364722366212129,0.05264373348542188,0.0,0.0,0.0,1.0,0.0,0.0,0.0,0.0,1.0,0.0,0.0,0.0,0.0,0.0,0.0,0.0,0.0,0.0,0.0,0.0,0.0,0.0,0.0,0.0,0.0,0.0,0.0,0.0,0.0,0.0,0.0,0.0,0.0,0.0,0.0,1.0,1.0,0.0,0.0,1.0
14,24565.0,0.5058130819424466,0.3958956570920143,0.4587096226269764,0.2468600779315258,0.3101549283038396,0.25489224962879004,0.5837133395144833,0.3127557100038969,0.11778303565638346,0.4382549309311553,0.4774892034983989,0.455163820577623,0.25647997158180147,0.47000362924573563,0.05264373348542188,0.0,0.0,0.0,1.0,0.0,0.0,0.0,0.0,1.0,0.0,0.0,0.0,0.0,0.0,0.0,0.0,0.0,0.0,0.0,0.0,0.0,0.0,0.0,0.0,0.0,0.0,0.0,0.0,0.0,0.0,0.0,0.0,0.0,0.0,0.0,1.0,1.0,0.0,0.0,1.0
15,30760.0,0.5058130819424466,0.3958956570920143,0.4587096226269764,0.11332868530700327,0.3101549283038396,0.17693070815907824,0.5837133395144833,0.4337083204215594,0.06062462181643484,0.5717863235556779,0.5430864859842122,0.506367047865123,0.4388015283757561,0.3364722366212129,0.516216472400867,0.0,0.0,0.0,1.0,0.0,0.0,0.0,0.0,1.0,0.0,0.0,0.0,0.0,0.0,0.0,0.0,0.0,0.0,0.0,0.0,0.0,0.0,0.0,0.0,0.0,0.0,0.0,0.0,0.0,0.0,0.0,0.0,0.0,0.0,0.0,1.0,1.0,0.0,0.0,1.0
16,41315.0,0.399894063058709,0.45802743819902025,0.4587096226269764,0.11332868530700327,0.3101549283038396,0.17693070815907824,0.6367058696549937,0.4337083204215594,0.06062462181643484,0.5717863235556779,0.5430864859842122,0.5482609149579838,0.4388015283757561,0.3364722366212129,0.516216472400867,0.0,0.0,0.0,1.0,0.0,0.0,0.0,0.0,1.0,0.0,0.0,0.0,0.0,0.0,0.0,0.0,0.0,0.0,0.0,0.0,0.0,0.0,0.0,0.0,0.0,0.0,0.0,0.0,0.0,0.0,0.0,0.0,0.0,0.0,0.0,1.0,0.0,1.0,0.0,1.0
17,36880.0,0.5355182363563623,0.6241543090729941,0.6075552502245416,0.0769610411361284,0.3101549283038396,0.12136085700426734,0.6705357341733985,0.4337083204215594,0.06062462181643484,0.5717863235556779,0.5430864859842122,0.5818797862748761,0.4388015283757561,0.3364722366212129,0.516216472400867,0.0,0.0,0.0,1.0,0.0,0.0,0.0,0.0,1.0,0.0,0.0,0.0,0.0,0.0,0.0,0.0,0.0,0.0,0.0,0.0,0.0,0.0,0.0,0.0,0.0,0.0,0.0,0.0,0.0,0.0,0.0,0.0,0.0,0.0,0.0,1.0,1.0,0.0,0.0,1.0
18,6295.0,0.30010459245033816,0.15822400521489435,0.2073951943460706,0.6931471805599453,0.16705408466316624,0.626455806061273,0.11325609266060653,0.07522342123758753,0.1505728584793744,0.300104592450338,0.44999606291820016,0.017359103505651678,0.07350246199292652,0.47000362924573563,0.516216472400867,0.0,0.0,1.0,0.0,0.0,0.0,0.0,0.0,0.0,0.0,1.0,0.0,0.0,0.0,0.0,0.0,0.0,0.0,0.0,0.0,0.0,0.0,0.0,0.0,0.0,0.0,0.0,0.0,0.0,0.0,0.0,0.0,0.0,0.0,1.0,0.0,0.0,1.0,0.0,1.0
19,6575.0,0.30010459245033816,0.15822400521489435,0.2073951943460706,0.6931471805599453,0.16705408466316624,0.626455806061273,0.16454938704815716,0.07522342123758753,0.1505728584793744,0.300104592450338,0.44999606291820016,0.03350708991363367,0.07350246199292652,0.3364722366212129,0.516216472400867,0.0,0.0,0.0,1.0,0.0,0.0,0.0,0.0,0.0,0.0,1.0,0.0,0.0,0.0,0.0,0.0,0.0,0.0,0.0,0.0,0.0,0.0,0.0,0.0,0.0,0.0,0.0,0.0,0.0,0.0,0.0,0.0,0.0,0.0,1.0,0.0,1.0,0.0,0.0,1.0
20,5572.0,0.2231435513142094,0.17435338714477794,0.18167030310763468,0.6729444732424258,0.16705408466316624,0.5913644862500029,0.13834701465413288,0.07522342123758753,0.14030527300520526,0.26784373023211666,0.4909574205492655,0.018288903665618177,0.06559728248581327,0.47000362924573563,0.5479651707154473,0.0,0.0,1.0,0.0,0.0,0.0,0.0,0.0,0.0,0.0,0.0,1.0,0.0,0.0,0.0,0.0,0.0,0.0,0.0,0.0,0.0,0.0,0.0,0.0,0.0,0.0,0.0,0.0,0.0,0.0,0.0,0.0,0.0,0.0,1.0,0.0,0.0,1.0,0.0,1.0
21,6377.0,0.2231435513142094,0.17435338714477794,0.18167030310763468,0.5423242908253617,0.16705408466316624,0.5363047090669756,0.13834701465413288,0.07522342123758753,0.13976194237515863,0.26784373023211666,0.4909574205492655,0.018288903665618177,0.06559728248581327,0.47000362924573563,0.5479651707154473,0.0,0.0,1.0,0.0,0.0,0.0,0.0,0.0,0.0,0.0,0.0,1.0,0.0,0.0,0.0,0.0,0.0,0.0,0.0,0.0,0.0,0.0,0.0,0.0,0.0,0.0,0.0,0.0,0.0,0.0,0.0,0.0,0.0,0.0,1.0,0.0,0.0,1.0,0.0,1.0
22,7957.0,0.2231435513142094,0.17435338714477794,0.18167030310763468,0.36464311358790924,0.16705408466316624,0.3726752852851735,0.13834701465413288,0.10379679368164356,0.0368139731227164,0.300104592450338,0.5430864859842122,0.12902527803904165,0.1921600057942426,0.47000362924573563,0.5479651707154473,0.0,0.0,1.0,0.0,0.0,0.0,0.0,0.0,0.0,0.0,0.0,1.0,0.0,0.0,0.0,0.0,0.0,0.0,0.0,0.0,0.0,0.0,0.0,0.0,0.0,0.0,0.0,0.0,0.0,0.0,0.0,0.0,0.0,0.0,1.0,0.0,0.0,1.0,0.0,1.0
23,6229.0,0.20972053098206947,0.17435338714477794,0.18167030310763468,0.5423242908253617,0.16705408466316624,0.5363047090669756,0.13834701465413288,0.07522342123758753,0.13976194237515863,0.26784373023211666,0.4909574205492655,0.05970551690415167,0.06559728248581327,0.47000362924573563,0.5479651707154473,0.0,0.0,1.0,0.0,0.0,0.0,0.0,0.0,0.0,0.0,0.0,1.0,0.0,0.0,0.0,0.0,0.0,0.0,0.0,0.0,0.0,0.0,0.0,0.0,0.0,0.0,0.0,0.0,0.0,0.0,0.0,0.0,0.0,0.0,1.0,0.0,1.0,0.0,0.0,1.0
24,6692.0,0.20972053098206947,0.17435338714477794,0.18167030310763468,0.5423242908253617,0.16705408466316624,0.5363047090669756,0.13834701465413288,0.07522342123758753,0.13976194237515863,0.26784373023211666,0.4909574205492655,0.06946602030107761,0.06559728248581327,0.47000362924573563,0.5479651707154473,0.0,0.0,0.0,1.0,0.0,0.0,0.0,0.0,0.0,0.0,0.0,1.0,0.0,0.0,0.0,0.0,0.0,0.0,0.0,0.0,0.0,0.0,0.0,0.0,0.0,0.0,0.0,0.0,0.0,0.0,0.0,0.0,0.0,0.0,1.0,0.0,1.0,0.0,0.0,1.0
25,7609.0,0.20972053098206947,0.17435338714477794,0.18167030310763468,0.5423242908253617,0.16705408466316624,0.5363047090669756,0.13834701465413288,0.07522342123758753,0.13976194237515863,0.26784373023211666,0.4909574205492655,0.06946602030107761,0.06559728248581327,0.47000362924573563,0.5479651707154473,0.0,0.0,0.0,1.0,0.0,0.0,0.0,0.0,0.0,0.0,0.0,1.0,0.0,0.0,0.0,0.0,0.0,0.0,0.0,0.0,0.0,0.0,0.0,0.0,0.0,0.0,0.0,0.0,0.0,0.0,0.0,0.0,0.0,0.0,1.0,0.0,1.0,0.0,0.0,1.0
26,8558.0,0.20972053098206947,0.17435338714477794,0.18167030310763468,0.36464311358790924,0.16705408466316624,0.3726752852851735,0.13834701465413288,0.10379679368164356,0.0368139731227164,0.300104592450338,0.5430864859842122,0.15489409891329983,0.1921600057942426,0.47000362924573563,0.5479651707154473,0.0,0.0,0.0,1.0,0.0,0.0,0.0,0.0,0.0,0.0,0.0,1.0,0.0,0.0,0.0,0.0,0.0,0.0,0.0,0.0,0.0,0.0,0.0,0.0,0.0,0.0,0.0,0.0,0.0,0.0,0.0,0.0,0.0,0.0,1.0,0.0,0.0,1.0,0.0,1.0
27,8921.0,0.6931471805599451,0.23638877806423034,0.4537591174671202,0.36464311358790924,0.16705408466316624,0.3726752852851735,0.4054651081081644,0.184922338494012,0.08961215868968714,0.4519851237430572,0.5650653927029875,0.2854315532904751,0.14197026127038728,0.1823215567939546,0.3780661339200498,0.0,0.0,0.0,0.0,1.0,0.0,0.0,0.0,0.0,0.0,0.0,1.0,0.0,0.0,0.0,0.0,0.0,0.0,0.0,0.0,0.0,0.0,0.0,0.0,0.0,0.0,0.0,0.0,0.0,0.0,0.0,0.0,0.0,0.0,1.0,0.0,1.0,0.0,0.0,1.0
28,12964.0,0.18232155679395515,0.35667494393873256,0.25088030628580976,0.2151113796169455,0.16705408466316624,0.22957444164450017,0.386312675893408,0.28963329258304266,0.0,0.5636891133230586,0.6931471805599453,0.3790910068861026,0.3322259457397619,0.6931471805599453,0.3780661339200498,0.0,0.0,1.0,0.0,0.0,0.0,0.0,0.0,0.0,0.0,0.0,1.0,0.0,0.0,0.0,0.0,0.0,0.0,0.0,0.0,0.0,0.0,0.0,0.0,0.0,0.0,0.0,0.0,0.0,0.0,0.0,0.0,0.0,0.0,1.0,0.0,0.0,1.0,0.0,1.0
29,5399.0,0.3364722366212129,0.190226736301068,0.18167030310763468,0.6931471805599453,0.16705408466316624,0.6090640633494039,0.0,0.034552381506659735,0.17709961281280304,0.23450730996452498,0.4359607448018166,0.0,0.03333642026759171,0.47000362924573563,0.5479651707154473,0.0,0.0,1.0,0.0,0.0,0.0,0.0,0.0,0.0,0.0,0.0,0.0,1.0,0.0,0.0,0.0,0.0,0.0,0.0,0.0,0.0,0.0,0.0,0.0,0.0,0.0,0.0,0.0,0.0,0.0,0.0,0.0,0.0,0.0,1.0,0.0,0.0,1.0,0.0,1.0
30,6529.0,0.3364722366212129,0.190226736301068,0.18167030310763468,0.5187937934151675,0.16705408466316624,0.4578330936254803,0.0,0.08244366921107459,0.12883287184296838,0.23450730996452498,0.5494156210358597,0.04759503025111763,0.09684982598991762,0.47000362924573563,0.6931471805599453,0.0,0.0,1.0,0.0,0.0,0.0,0.0,0.0,0.0,0.0,0.0,0.0,1.0,0.0,0.0,0.0,0.0,0.0,0.0,0.0,0.0,0.0,0.0,0.0,0.0,0.0,0.0,0.0,0.0,0.0,0.0,0.0,0.0,0.0,1.0,0.0,0.0,1.0,0.0,1.0
31,7129.0,0.3364722366212129,0.190226736301068,0.18167030310763468,0.5187937934151675,0.16705408466316624,0.4578330936254803,0.0,0.08244366921107459,0.12883287184296838,0.23450730996452498,0.5494156210358597,0.05478930588514477,0.09684982598991762,0.47000362924573563,0.6931471805599453,0.0,0.0,1.0,0.0,0.0,0.0,0.0,0.0,0.0,0.0,0.0,0.0,1.0,0.0,0.0,0.0,0.0,0.0,0.0,0.0,0.0,0.0,0.0,0.0,0.0,0.0,0.0,0.0,0.0,0.0,0.0,0.0,0.0,0.0,1.0,0.0,0.0,1.0,0.0,1.0
32,7295.0,0.4436168740725405,0.190226736301068,0.26895308734550394,0.5187937934151675,0.16705408466316624,0.4578330936254803,0.24087165460779048,0.08244366921107459,0.12883287184296838,0.23450730996452498,0.5494156210358597,0.07869482673869928,0.09684982598991762,0.3364722366212129,0.6931471805599453,0.0,0.0,0.0,1.0,0.0,0.0,0.0,0.0,0.0,0.0,0.0,0.0,1.0,0.0,0.0,0.0,0.0,0.0,0.0,0.0,0.0,0.0,0.0,0.0,0.0,0.0,0.0,0.0,0.0,0.0,0.0,0.0,0.0,0.0,1.0,0.0,1.0,0.0,0.0,1.0
33,7295.0,0.6286086594223739,0.1823215567939548,0.26895308734550394,0.5187937934151675,0.16705408466316624,0.4578330936254803,0.13480091164738206,0.08244366921107459,0.12883287184296838,0.24014112768278095,0.5494156210358597,0.08480038430118422,0.09684982598991762,0.3364722366212129,0.6931471805599453,0.0,0.0,0.0,0.0,1.0,0.0,0.0,0.0,0.0,0.0,0.0,0.0,1.0,0.0,0.0,0.0,0.0,0.0,0.0,0.0,0.0,0.0,0.0,0.0,0.0,0.0,0.0,0.0,0.0,0.0,0.0,0.0,0.0,0.0,1.0,0.0,1.0,0.0,0.0,1.0
34,7895.0,0.37729423114146815,0.28051358297316886,0.26895308734550394,0.44468582126144574,0.16705408466316624,0.43721380642274466,0.30431132942331546,0.1451820098444979,0.11778303565638346,0.3616624854497715,0.6016548401352795,0.17297050997203253,0.13459015397276475,0.3364722366212129,0.6375773294051345,0.0,0.0,1.0,0.0,0.0,0.0,0.0,0.0,0.0,0.0,0.0,0.0,1.0,0.0,0.0,0.0,0.0,0.0,0.0,0.0,0.0,0.0,0.0,0.0,0.0,0.0,0.0,0.0,0.0,0.0,0.0,0.0,0.0,0.0,1.0,0.0,0.0,1.0,0.0,1.0
35,9095.0,0.37729423114146815,0.28051358297316886,0.26895308734550394,0.44468582126144574,0.16705408466316624,0.43721380642274466,0.30431132942331546,0.1451820098444979,0.11778303565638346,0.3616624854497715,0.6016548401352795,0.19384973998881308,0.13459015397276475,0.3364722366212129,0.6375773294051345,0.0,0.0,1.0,0.0,0.0,0.0,0.0,0.0,0.0,0.0,0.0,0.0,1.0,0.0,0.0,0.0,0.0,0.0,0.0,0.0,0.0,0.0,0.0,0.0,0.0,0.0,0.0,0.0,0.0,0.0,0.0,0.0,0.0,0.0,1.0,0.0,0.0,1.0,0.0,1.0
36,8845.0,0.4219944100593749,0.28051358297316886,0.26895308734550394,0.44468582126144574,0.16705408466316624,0.43721380642274466,0.41624688371145296,0.1451820098444979,0.11778303565638346,0.3616624854497715,0.6016548401352795,0.1996806602996063,0.13459015397276475,0.3364722366212129,0.6375773294051345,0.0,0.0,0.0,1.0,0.0,0.0,0.0,0.0,0.0,0.0,0.0,0.0,1.0,0.0,0.0,0.0,0.0,0.0,0.0,0.0,0.0,0.0,0.0,0.0,0.0,0.0,0.0,0.0,0.0,0.0,0.0,0.0,0.0,0.0,1.0,0.0,1.0,0.0,0.0,1.0
37,10295.0,0.4219944100593749,0.06453852113757096,0.26895308734550394,0.44468582126144574,0.16705408466316624,0.43721380642274466,0.41624688371145296,0.1451820098444979,0.11778303565638346,0.3616624854497715,0.6016548401352795,0.22569589944084198,0.13459015397276475,0.3364722366212129,0.6375773294051345,0.0,0.0,0.0,1.0,0.0,0.0,0.0,0.0,0.0,0.0,0.0,0.0,1.0,0.0,0.0,0.0,0.0,0.0,0.0,0.0,0.0,0.0,0.0,0.0,0.0,0.0,0.0,0.0,0.0,0.0,0.0,0.0,0.0,0.0,1.0,0.0,1.0,0.0,0.0,1.0
38,12945.0,0.4219944100593749,0.28051358297316886,0.26895308734550394,0.36464311358790924,0.16705408466316624,0.3272129112084162,0.41624688371145296,0.1451820098444979,0.11778303565638346,0.3616624854497715,0.6016548401352795,0.2602140786867291,0.18865737524304055,0.3364722366212129,0.6375773294051345,0.0,0.0,0.0,1.0,0.0,0.0,0.0,0.0,0.0,0.0,0.0,0.0,1.0,0.0,0.0,0.0,0.0,0.0,0.0,0.0,0.0,0.0,0.0,0.0,0.0,0.0,0.0,0.0,0.0,0.0,0.0,0.0,0.0,0.0,1.0,0.0,1.0,0.0,0.0,1.0
39,10345.0,0.2363887780642307,0.33647223662121317,0.26895308734550394,0.3920420877760237,0.16705408466316624,0.39465419200394874,0.3280161430784819,0.1451820098444979,0.1233232160319989,0.3616624854497715,0.6016548401352795,0.19540797949382702,0.1851424331355959,0.47000362924573563,0.5479651707154473,0.0,0.0,0.0,1.0,0.0,0.0,0.0,0.0,0.0,0.0,0.0,0.0,1.0,0.0,0.0,0.0,0.0,0.0,0.0,0.0,0.0,0.0,0.0,0.0,0.0,0.0,0.0,0.0,0.0,0.0,0.0,0.0,0.0,0.0,1.0,0.0,0.0,1.0,0.0,1.0
40,6785.0,0.38865798979178323,0.0,0.20102574606059073,0.36464311358790924,0.16705408466316624,0.35020242943311497,0.3511720257415019,0.14855469432313714,0.08961215868968714,0.4382549309311553,0.4909574205492655,0.21239024790455568,0.10451269873548671,0.3364722366212129,0.3011050927839216,0.0,0.0,0.0,1.0,0.0,0.0,0.0,0.0,0.0,0.0,0.0,0.0,0.0,1.0,0.0,0.0,0.0,0.0,0.0,0.0,0.0,0.0,0.0,0.0,0.0,0.0,0.0,0.0,0.0,0.0,0.0,0.0,0.0,0.0,0.0,1.0,1.0,0.0,0.0,1.0
41,8916.5,0.30010459245033816,0.15822400521489435,0.2073951943460706,0.6931471805599453,0.16705408466316624,0.626455806061273,0.11325609266060653,0.07522342123758753,0.1505728584793744,0.300104592450338,0.44999606291820016,0.017359103505651678,0.07350246199292652,0.47000362924573563,0.516216472400867,0.0,0.0,0.0,1.0,0.0,0.0,0.0,0.0,0.0,0.0,0.0,0.0,0.0,1.0,0.0,0.0,0.0,0.0,0.0,0.0,0.0,0.0,0.0,0.0,0.0,0.0,0.0,0.0,0.0,0.0,0.0,0.0,0.0,0.0,1.0,0.0,0.0,1.0,0.0,1.0
42,8916.5,0.30010459245033816,0.15822400521489435,0.2073951943460706,0.6931471805599453,0.16705408466316624,0.626455806061273,0.11325609266060653,0.07522342123758753,0.1505728584793744,0.300104592450338,0.44999606291820016,0.03350708991363367,0.07350246199292652,0.3364722366212129,0.516216472400867,0.0,0.0,0.0,1.0,0.0,0.0,0.0,0.0,0.0,0.0,0.0,0.0,0.0,1.0,0.0,0.0,0.0,0.0,0.0,0.0,0.0,0.0,0.0,0.0,0.0,0.0,0.0,0.0,0.0,0.0,0.0,0.0,0.0,0.0,1.0,0.0,1.0,0.0,0.0,1.0
43,11048.0,0.2623642644674913,0.28051358297316886,0.25391520998096345,0.36464311358790924,0.16705408466316624,0.35020242943311497,0.37799085255591613,0.17513433212784915,0.12883287184296838,0.4920795809449355,0.4909574205492655,0.3538313401268646,0.14929630136246017,0.5877866649021191,0.3780661339200498,0.0,0.0,1.0,0.0,0.0,0.0,0.0,0.0,0.0,0.0,0.0,0.0,0.0,1.0,0.0,0.0,0.0,0.0,0.0,0.0,0.0,0.0,0.0,0.0,0.0,0.0,0.0,0.0,0.0,0.0,0.0,0.0,0.0,0.0,0.0,1.0,0.0,1.0,0.0,1.0
44,36000.0,0.0,0.608729838747362,0.42096929464412963,0.0,0.6931471805599453,0.03174869831458027,0.6138663776851705,0.6931471805599453,0.24783616390458127,0.5389965007326869,0.31994293467000234,0.6931471805599453,0.636487146994454,0.3364722366212129,0.3780661339200498,0.0,0.0,0.0,1.0,0.0,0.0,0.0,0.0,0.0,0.0,0.0,0.0,0.0,0.0,1.0,0.0,0.0,0.0,0.0,0.0,0.0,0.0,0.0,0.0,0.0,0.0,0.0,0.0,0.0,0.0,0.0,0.0,0.0,0.0,0.0,1.0,0.0,1.0,0.0,1.0
45,5195.0,0.4219944100593749,0.20585205420414882,0.16193282026931324,0.5187937934151675,0.16705408466316624,0.39465419200394874,0.16970846985818433,0.07884006170777602,0.11778303565638346,0.300104592450338,0.4638371143300716,0.02477340994487913,0.06559728248581327,0.47000362924573563,0.3780661339200498,0.0,0.0,1.0,0.0,0.0,0.0,0.0,0.0,0.0,0.0,0.0,0.0,0.0,0.0,0.0,1.0,0.0,0.0,0.0,0.0,0.0,0.0,0.0,0.0,0.0,0.0,0.0,0.0,0.0,0.0,0.0,0.0,0.0,0.0,1.0,0.0,0.0,1.0,0.0,1.0
46,6095.0,0.4219944100593749,0.20585205420414882,0.16193282026931324,0.5423242908253617,0.16705408466316624,0.5363047090669756,0.16970846985818433,0.07884006170777602,0.11778303565638346,0.300104592450338,0.4638371143300716,0.029379590359776626,0.06559728248581327,0.47000362924573563,0.3780661339200498,0.0,0.0,1.0,0.0,0.0,0.0,0.0,0.0,0.0,0.0,0.0,0.0,0.0,0.0,0.0,1.0,0.0,0.0,0.0,0.0,0.0,0.0,0.0,0.0,0.0,0.0,0.0,0.0,0.0,0.0,0.0,0.0,0.0,0.0,1.0,0.0,0.0,1.0,0.0,1.0
47,6795.0,0.4219944100593749,0.20585205420414882,0.16193282026931324,0.5423242908253617,0.16705408466316624,0.5363047090669756,0.16970846985818433,0.07884006170777602,0.11778303565638346,0.300104592450338,0.4638371143300716,0.03167474858557231,0.06559728248581327,0.47000362924573563,0.3780661339200498,0.0,0.0,1.0,0.0,0.0,0.0,0.0,0.0,0.0,0.0,0.0,0.0,0.0,0.0,0.0,0.0,1.0,0.0,0.0,0.0,0.0,0.0,0.0,0.0,0.0,0.0,0.0,0.0,0.0,0.0,0.0,0.0,0.0,0.0,1.0,0.0,0.0,1.0,0.0,1.0
48,6695.0,0.4219944100593749,0.20585205420414882,0.16193282026931324,0.5423242908253617,0.16705408466316624,0.5363047090669756,0.29376111852816333,0.07884006170777602,0.11778303565638346,0.300104592450338,0.4638371143300716,0.049848806278370725,0.06559728248581327,0.47000362924573563,0.3780661339200498,0.0,0.0,0.0,1.0,0.0,0.0,0.0,0.0,0.0,0.0,0.0,0.0,0.0,0.0,0.0,0.0,1.0,0.0,0.0,0.0,0.0,0.0,0.0,0.0,0.0,0.0,0.0,0.0,0.0,0.0,0.0,0.0,0.0,0.0,1.0,0.0,1.0,0.0,0.0,1.0
49,7395.0,0.4219944100593749,0.20585205420414882,0.16193282026931324,0.5423242908253617,0.16705408466316624,0.5363047090669756,0.29376111852816333,0.07884006170777602,0.11778303565638346,0.32621573645402396,0.4638371143300716,0.052097514219433504,0.06559728248581327,0.47000362924573563,0.3780661339200498,0.0,0.0,0.0,1.0,0.0,0.0,0.0,0.0,0.0,0.0,0.0,0.0,0.0,0.0,0.0,0.0,1.0,0.0,0.0,0.0,0.0,0.0,0.0,0.0,0.0,0.0,0.0,0.0,0.0,0.0,0.0,0.0,0.0,0.0,1.0,0.0,1.0,0.0,0.0,1.0
50,10945.0,0.13976194237515863,0.3158529494184776,0.23247487874309405,0.1484200051182734,0.0,0.20359895524123955,0.32655094135115403,0.0,0.13976194237515863,0.44742930720719654,0.49928386332581914,0.2287124929802678,0.18865737524304055,0.6931471805599453,0.6931471805599453,0.0,0.0,1.0,0.0,0.0,0.0,0.0,0.0,0.0,0.0,0.0,0.0,0.0,0.0,0.0,0.0,1.0,0.0,0.0,0.0,0.0,0.0,0.0,0.0,0.0,0.0,0.0,0.0,0.0,0.0,0.0,0.0,0.0,0.0,0.0,1.0,0.0,1.0,0.0,1.0
51,11845.0,0.13976194237515863,0.3158529494184776,0.23247487874309405,0.1484200051182734,0.0,0.20359895524123955,0.32655094135115403,0.0,0.13976194237515863,0.44742930720719654,0.49928386332581914,0.2287124929802678,0.18865737524304055,0.6931471805599453,0.6931471805599453,0.0,0.0,1.0,0.0,0.0,0.0,0.0,0.0,0.0,0.0,0.0,0.0,0.0,0.0,0.0,0.0,1.0,0.0,0.0,0.0,0.0,0.0,0.0,0.0,0.0,0.0,0.0,0.0,0.0,0.0,0.0,0.0,0.0,0.0,0.0,1.0,0.0,1.0,0.0,1.0
52,13645.0,0.13976194237515863,0.3158529494184776,0.23247487874309405,0.1484200051182734,0.0,0.20359895524123955,0.32655094135115403,0.0,0.13976194237515863,0.44742930720719654,0.49928386332581914,0.23059325336163242,0.18865737524304055,0.6931471805599453,0.6931471805599453,0.0,0.0,1.0,0.0,0.0,0.0,0.0,0.0,0.0,0.0,0.0,0.0,0.0,0.0,0.0,0.0,1.0,0.0,0.0,0.0,0.0,0.0,0.0,0.0,0.0,0.0,0.0,0.0,0.0,0.0,0.0,0.0,0.0,0.0,0.0,1.0,0.0,1.0,0.0,1.0
53,15645.0,0.13976194237515863,0.3158529494184776,0.23247487874309405,0.11332868530700327,0.0,0.20359895524123955,0.32655094135115403,0.0383188643021366,0.13976194237515863,0.44742930720719654,0.49928386332581914,0.27290230401063836,0.30135929775923465,0.6931471805599453,0.6931471805599453,0.0,0.0,1.0,0.0,0.0,0.0,0.0,0.0,0.0,0.0,0.0,0.0,0.0,0.0,0.0,0.0,1.0,0.0,0.0,0.0,0.0,0.0,0.0,0.0,0.0,0.0,0.0,0.0,0.0,0.0,0.0,0.0,0.0,0.0,0.0,1.0,0.0,1.0,0.0,1.0
54,8845.0,0.399894063058709,0.36992017068875316,0.3353555419211378,0.41871033485818504,0.16705408466316624,0.4161603972249123,0.44791179835542166,0.184922338494012,0.09531017980432493,0.474457979595116,0.5430864859842122,0.23059325336163242,0.12715517548524669,0.47000362924573563,0.3011050927839216,0.0,0.0,1.0,0.0,0.0,0.0,0.0,0.0,0.0,0.0,0.0,0.0,0.0,0.0,0.0,0.0,1.0,0.0,0.0,0.0,0.0,0.0,0.0,0.0,0.0,0.0,0.0,0.0,0.0,0.0,0.0,0.0,0.0,0.0,1.0,0.0,0.0,1.0,0.0,1.0
55,8495.0,0.49571198595594274,0.36992017068875316,0.3353555419211378,0.41871033485818504,0.16705408466316624,0.4161603972249123,0.44791179835542166,0.184922338494012,0.09531017980432493,0.474457979595116,0.5430864859842122,0.23994435946712628,0.12715517548524669,0.3364722366212129,0.3011050927839216,0.0,0.0,0.0,1.0,0.0,0.0,0.0,0.0,0.0,0.0,0.0,0.0,0.0,0.0,0.0,0.0,1.0,0.0,0.0,0.0,0.0,0.0,0.0,0.0,0.0,0.0,0.0,0.0,0.0,0.0,0.0,0.0,0.0,0.0,1.0,0.0,1.0,0.0,0.0,1.0
56,10595.0,0.399894063058709,0.36992017068875316,0.3353555419211378,0.41871033485818504,0.16705408466316624,0.4161603972249123,0.44791179835542166,0.184922338494012,0.09531017980432493,0.474457979595116,0.5430864859842122,0.23059325336163242,0.12715517548524669,0.47000362924573563,0.3011050927839216,0.0,0.0,1.0,0.0,0.0,0.0,0.0,0.0,0.0,0.0,0.0,0.0,0.0,0.0,0.0,0.0,1.0,0.0,0.0,0.0,0.0,0.0,0.0,0.0,0.0,0.0,0.0,0.0,0.0,0.0,0.0,0.0,0.0,0.0,1.0,0.0,0.0,1.0,0.0,1.0
57,10245.0,0.49571198595594274,0.36992017068875316,0.3353555419211378,0.41871033485818504,0.16705408466316624,0.4161603972249123,0.44791179835542166,0.184922338494012,0.09531017980432493,0.474457979595116,0.5430864859842122,0.23994435946712628,0.12715517548524669,0.3364722366212129,0.3011050927839216,0.0,0.0,0.0,1.0,0.0,0.0,0.0,0.0,0.0,0.0,0.0,0.0,0.0,0.0,0.0,0.0,1.0,0.0,0.0,0.0,0.0,0.0,0.0,0.0,0.0,0.0,0.0,0.0,0.0,0.0,0.0,0.0,0.0,0.0,1.0,0.0,1.0,0.0,0.0,1.0
58,10795.0,0.49571198595594274,0.36992017068875316,0.3353555419211378,0.6523251860396901,0.16705408466316624,0.6090640633494039,0.44791179835542166,0.184922338494012,0.6837279586434537,0.474457979595116,0.5430864859842122,0.25215542701641414,0.049596941139372186,0.3364722366212129,0.23922968906583406,0.0,0.0,0.0,1.0,0.0,0.0,0.0,0.0,0.0,0.0,0.0,0.0,0.0,0.0,0.0,0.0,1.0,0.0,0.0,0.0,0.0,0.0,0.0,0.0,0.0,0.0,0.0,0.0,0.0,0.0,0.0,0.0,0.0,0.0,1.0,0.0,1.0,0.0,1.0,0.0
59,11245.0,0.49571198595594274,0.36992017068875316,0.3353555419211378,0.41871033485818504,0.16705408466316624,0.4161603972249123,0.44791179835542166,0.184922338494012,0.09531017980432493,0.474457979595116,0.5430864859842122,0.24551333617655902,0.12715517548524669,0.3364722366212129,0.3011050927839216,0.0,0.0,1.0,0.0,0.0,0.0,0.0,0.0,0.0,0.0,0.0,0.0,0.0,0.0,0.0,0.0,1.0,0.0,0.0,0.0,0.0,0.0,0.0,0.0,0.0,0.0,0.0,0.0,0.0,0.0,0.0,0.0,0.0,0.0,1.0,0.0,1.0,0.0,0.0,1.0
60,18280.0,0.4382549309311554,0.3432519236065913,0.4926934754425755,0.2151113796169455,0.16705408466316624,0.30368241379822214,0.41087052667507246,0.24171993688714516,0.06062462181643484,0.6267020811517925,0.46726764942686094,0.33233957940651876,0.25319589638061174,0.3364722366212129,0.3780661339200498,0.0,0.0,0.0,1.0,0.0,0.0,0.0,0.0,0.0,0.0,0.0,0.0,0.0,0.0,0.0,0.0,1.0,0.0,0.0,0.0,0.0,0.0,0.0,0.0,0.0,0.0,0.0,0.0,0.0,0.0,0.0,0.0,0.0,0.0,0.0,1.0,1.0,0.0,0.0,1.0
61,18344.0,0.4382549309311554,0.3432519236065913,0.4926934754425755,0.5423242908253617,0.16705408466316624,0.5549968420791281,0.41087052667507246,0.22314355131420976,0.661398482245365,0.4920795809449355,0.6194594647687862,0.3424713783369257,0.0813456394539524,0.3364722366212129,0.026668247082161055,0.0,0.0,0.0,1.0,0.0,0.0,0.0,0.0,0.0,0.0,0.0,0.0,0.0,0.0,0.0,0.0,1.0,0.0,0.0,0.0,0.0,0.0,0.0,0.0,0.0,0.0,0.0,0.0,0.0,0.0,0.0,0.0,0.0,0.0,0.0,1.0,1.0,0.0,1.0,0.0
62,25552.0,0.5452270504833231,0.5930637220029626,0.6075552502245416,0.30748469974796055,0.24116205681688804,0.25489224962879004,0.6050265411160299,0.3656191995609647,0.6451379613735847,0.5555258026838977,0.6194594647687862,0.5845210979002782,0.263015942561587,0.1823215567939546,0.10265415406008316,0.0,0.0,0.0,1.0,0.0,0.0,0.0,0.0,0.0,1.0,0.0,0.0,0.0,0.0,0.0,0.0,0.0,0.0,0.0,0.0,0.0,0.0,0.0,0.0,0.0,0.0,0.0,0.0,0.0,0.0,0.0,0.0,0.0,0.0,0.0,1.0,1.0,0.0,1.0,0.0
63,28248.0,0.6462302607721938,0.5930637220029626,0.6075552502245416,0.30748469974796055,0.24116205681688804,0.25489224962879004,0.6050265411160299,0.3656191995609647,0.6451379613735847,0.5555258026838977,0.6194594647687862,0.6446645885836801,0.263015942561587,0.1823215567939546,0.10265415406008316,0.0,0.0,0.0,0.0,1.0,0.0,0.0,0.0,0.0,1.0,0.0,0.0,0.0,0.0,0.0,0.0,0.0,0.0,0.0,0.0,0.0,0.0,0.0,0.0,0.0,0.0,0.0,0.0,0.0,0.0,0.0,0.0,0.0,0.0,0.0,1.0,1.0,0.0,1.0,0.0
64,28176.0,0.4647816852645837,0.5930637220029626,0.5347557506160274,0.30748469974796055,0.24116205681688804,0.25489224962879004,0.5665602602882337,0.3656191995609647,0.6451379613735847,0.5555258026838977,0.6194594647687862,0.5792314796423003,0.263015942561587,0.3364722366212129,0.10265415406008316,0.0,1.0,0.0,0.0,0.0,0.0,0.0,0.0,0.0,1.0,0.0,0.0,0.0,0.0,0.0,0.0,0.0,0.0,0.0,0.0,0.0,0.0,0.0,0.0,0.0,0.0,0.0,0.0,0.0,0.0,0.0,0.0,0.0,0.0,0.0,1.0,0.0,1.0,1.0,0.0
65,35056.0,0.2231435513142094,0.603535021870258,0.2719337154836414,0.11332868530700327,0.4353180712578455,0.06252035698133393,0.479863398162024,0.4950772667978515,0.07811777926395207,0.5050949490570057,0.4465056579784318,0.6283877800058599,0.36216830235484015,0.6931471805599453,0.280902385466402,1.0,0.0,0.0,0.0,0.0,0.0,0.0,0.0,0.0,1.0,0.0,0.0,0.0,0.0,0.0,0.0,0.0,0.0,0.0,0.0,0.0,0.0,0.0,0.0,0.0,0.0,0.0,0.0,0.0,0.0,0.0,0.0,0.0,0.0,0.0,1.0,0.0,1.0,0.0,1.0
66,45400.0,0.4906229164484712,0.6787584431078457,0.6492279466251096,0.03922071315328133,0.4353180712578455,0.0,0.6931471805599451,0.6492279466251099,0.06062462181643484,0.6418538861723948,0.5303067593378132,0.6359330874326773,0.4442511331433209,0.47000362924573563,0.1732717212740366,0.0,1.0,0.0,0.0,0.0,0.0,0.0,0.0,0.0,1.0,0.0,0.0,0.0,0.0,0.0,0.0,0.0,0.0,0.0,0.0,0.0,0.0,0.0,0.0,0.0,0.0,0.0,0.0,0.0,0.0,0.0,0.0,0.0,0.0,0.0,1.0,0.0,1.0,0.0,1.0
67,16503.0,0.45953232937844024,0.4640334622592321,0.43875883620762823,0.2151113796169455,0.16705408466316624,0.22957444164450017,0.4556738036909109,0.24171993688714516,0.06062462181643484,0.6343066805370118,0.45347432729452514,0.4106574728539371,0.41949058346266893,0.47000362924573563,0.3780661339200498,0.0,0.0,1.0,0.0,0.0,0.0,0.0,0.0,0.0,0.0,0.0,0.0,0.0,0.0,0.0,0.0,0.0,1.0,0.0,0.0,0.0,0.0,0.0,0.0,0.0,0.0,0.0,0.0,0.0,0.0,0.0,0.0,0.0,0.0,0.0,1.0,0.0,1.0,0.0,1.0
68,5389.0,0.2231435513142094,0.22123697304362888,0.18167030310763468,0.6729444732424258,0.16705408466316624,0.5913644862500029,0.13834701465413288,0.08244366921107459,0.13976194237515863,0.26784373023211666,0.4909574205492655,0.03761762321911889,0.06559728248581327,0.5877866649021191,0.5479651707154473,0.0,0.0,1.0,0.0,0.0,0.0,0.0,0.0,0.0,0.0,0.0,0.0,0.0,0.0,0.0,0.0,0.0,0.0,1.0,0.0,0.0,0.0,0.0,0.0,0.0,0.0,0.0,0.0,0.0,0.0,0.0,0.0,0.0,0.0,1.0,0.0,0.0,1.0,0.0,1.0
69,6189.0,0.2231435513142094,0.22123697304362888,0.18167030310763468,0.5423242908253617,0.16705408466316624,0.5363047090669756,0.13834701465413288,0.08244366921107459,0.13976194237515863,0.26784373023211666,0.4909574205492655,0.04939845725026844,0.06559728248581327,0.5877866649021191,0.5479651707154473,0.0,0.0,1.0,0.0,0.0,0.0,0.0,0.0,0.0,0.0,0.0,0.0,0.0,0.0,0.0,0.0,0.0,0.0,1.0,0.0,0.0,0.0,0.0,0.0,0.0,0.0,0.0,0.0,0.0,0.0,0.0,0.0,0.0,0.0,1.0,0.0,0.0,1.0,0.0,1.0
70,6669.0,0.2231435513142094,0.22123697304362888,0.18167030310763468,0.5423242908253617,0.16705408466316624,0.5363047090669756,0.13834701465413288,0.08244366921107459,0.13976194237515863,0.26784373023211666,0.4909574205492655,0.07606670433242971,0.06559728248581327,0.5877866649021191,0.5479651707154473,0.0,0.0,1.0,0.0,0.0,0.0,0.0,0.0,0.0,0.0,0.0,0.0,0.0,0.0,0.0,0.0,0.0,0.0,1.0,0.0,0.0,0.0,0.0,0.0,0.0,0.0,0.0,0.0,0.0,0.0,0.0,0.0,0.0,0.0,1.0,0.0,0.0,1.0,0.0,1.0
71,7689.0,0.2231435513142094,0.17435338714477794,0.15860503017663857,0.36464311358790924,0.16705408466316624,0.3726752852851735,0.13834701465413288,0.10379679368164356,0.0368139731227164,0.300104592450338,0.5430864859842122,0.13607193932200193,0.1921600057942426,0.47000362924573563,0.5479651707154473,0.0,0.0,1.0,0.0,0.0,0.0,0.0,0.0,0.0,0.0,0.0,0.0,0.0,0.0,0.0,0.0,0.0,0.0,1.0,0.0,0.0,0.0,0.0,0.0,0.0,0.0,0.0,0.0,0.0,0.0,0.0,0.0,0.0,0.0,1.0,0.0,0.0,1.0,0.0,1.0
72,9959.0,0.125163142954006,0.2947995402206453,0.26296504550088134,0.3364722366212129,0.16705408466316624,0.3726752852851735,0.383546422400518,0.1451820098444979,0.030771658666753687,0.371563556432483,0.5650653927029875,0.2249403270588442,0.2399506696305911,0.6931471805599453,0.5479651707154473,0.0,0.0,1.0,0.0,0.0,0.0,0.0,0.0,0.0,0.0,0.0,0.0,0.0,0.0,0.0,0.0,0.0,0.0,1.0,0.0,0.0,0.0,0.0,0.0,0.0,0.0,0.0,0.0,0.0,0.0,0.0,0.0,0.0,0.0,1.0,0.0,0.0,1.0,0.0,1.0
73,8499.0,0.125163142954006,0.2947995402206453,0.26296504550088134,0.3920420877760237,0.16705408466316624,0.4161603972249123,0.383546422400518,0.184922338494012,0.08961215868968714,0.4565202789084485,0.5650653927029875,0.20893998571240324,0.14197026127038728,0.6931471805599453,0.3780661339200498,0.0,0.0,1.0,0.0,0.0,0.0,0.0,0.0,0.0,0.0,0.0,0.0,0.0,0.0,0.0,0.0,0.0,0.0,1.0,0.0,0.0,0.0,0.0,0.0,0.0,0.0,0.0,0.0,0.0,0.0,0.0,0.0,0.0,0.0,1.0,0.0,0.0,1.0,0.0,1.0
74,12629.0,0.18232155679395515,0.35667494393873256,0.25088030628580976,0.2151113796169455,0.16705408466316624,0.22957444164450017,0.386312675893408,0.28963329258304266,0.0,0.5555258026838977,0.6821580589843501,0.386192392442697,0.3322259457397619,0.6931471805599453,0.3780661339200498,0.0,0.0,1.0,0.0,0.0,0.0,0.0,0.0,0.0,0.0,0.0,0.0,0.0,0.0,0.0,0.0,0.0,0.0,1.0,0.0,0.0,0.0,0.0,0.0,0.0,0.0,0.0,0.0,0.0,0.0,0.0,0.0,0.0,0.0,1.0,0.0,0.0,1.0,0.0,1.0
75,14869.0,0.18232155679395515,0.35667494393873256,0.25088030628580976,0.2151113796169455,0.16705408466316624,0.22957444164450017,0.386312675893408,0.28963329258304266,0.0,0.5596157879354225,0.6821580589843501,0.41410413144378483,0.3322259457397619,0.6931471805599453,0.3780661339200498,0.0,0.0,1.0,0.0,0.0,0.0,0.0,0.0,0.0,0.0,0.0,0.0,0.0,0.0,0.0,0.0,0.0,0.0,1.0,0.0,0.0,0.0,0.0,0.0,0.0,0.0,0.0,0.0,0.0,0.0,0.0,0.0,0.0,0.0,1.0,0.0,0.0,1.0,0.0,1.0
76,14489.0,0.18232155679395515,0.35667494393873256,0.25088030628580976,0.2151113796169455,0.16705408466316624,0.22957444164450017,0.386312675893408,0.28963329258304266,0.0,0.5596157879354225,0.6821580589843501,0.4156668759406033,0.3322259457397619,0.6931471805599453,0.3780661339200498,0.0,0.0,1.0,0.0,0.0,0.0,0.0,0.0,0.0,0.0,0.0,0.0,0.0,0.0,0.0,0.0,0.0,0.0,1.0,0.0,0.0,0.0,0.0,0.0,0.0,0.0,0.0,0.0,0.0,0.0,0.0,0.0,0.0,0.0,1.0,0.0,0.0,1.0,0.0,1.0
77,6989.0,0.275103290244921,0.2947995402206453,0.26296504550088134,0.3920420877760237,0.16705408466316624,0.4161603972249123,0.3752014504683377,0.184922338494012,0.08961215868968714,0.4565202789084485,0.5650653927029875,0.22304889468107553,0.14197026127038728,0.47000362924573563,0.3780661339200498,0.0,0.0,0.0,1.0,0.0,0.0,0.0,0.0,0.0,0.0,0.0,0.0,0.0,0.0,0.0,0.0,0.0,0.0,1.0,0.0,0.0,0.0,0.0,0.0,0.0,0.0,0.0,0.0,0.0,0.0,0.0,0.0,0.0,0.0,1.0,0.0,1.0,0.0,0.0,1.0
78,8189.0,0.275103290244921,0.2947995402206453,0.26296504550088134,0.3920420877760237,0.16705408466316624,0.4161603972249123,0.3752014504683377,0.184922338494012,0.08961215868968714,0.4565202789084485,0.5650653927029875,0.23808112061990244,0.14197026127038728,0.47000362924573563,0.3780661339200498,0.0,0.0,0.0,1.0,0.0,0.0,0.0,0.0,0.0,0.0,0.0,0.0,0.0,0.0,0.0,0.0,0.0,0.0,1.0,0.0,0.0,0.0,0.0,0.0,0.0,0.0,0.0,0.0,0.0,0.0,0.0,0.0,0.0,0.0,1.0,0.0,1.0,0.0,0.0,1.0
79,9279.0,0.275103290244921,0.2947995402206453,0.26296504550088134,0.3364722366212129,0.16705408466316624,0.3726752852851735,0.3752014504683377,0.1451820098444979,0.030771658666753687,0.371563556432483,0.5650653927029875,0.23733485192855194,0.2399506696305911,0.47000362924573563,0.5479651707154473,0.0,0.0,0.0,1.0,0.0,0.0,0.0,0.0,0.0,0.0,0.0,0.0,0.0,0.0,0.0,0.0,0.0,0.0,1.0,0.0,0.0,0.0,0.0,0.0,0.0,0.0,0.0,0.0,0.0,0.0,0.0,0.0,0.0,0.0,1.0,0.0,1.0,0.0,0.0,1.0
80,9279.0,0.275103290244921,0.2947995402206453,0.26296504550088134,0.3364722366212129,0.16705408466316624,0.3726752852851735,0.3752014504683377,0.1451820098444979,0.030771658666753687,0.371563556432483,0.5650653927029875,0.23733485192855194,0.2399506696305911,0.1823215567939546,0.5479651707154473,0.0,0.0,0.0,1.0,0.0,0.0,0.0,0.0,0.0,0.0,0.0,0.0,0.0,0.0,0.0,0.0,0.0,0.0,1.0,0.0,0.0,0.0,0.0,0.0,0.0,0.0,0.0,0.0,0.0,0.0,0.0,0.0,0.0,0.0,1.0,0.0,1.0,0.0,0.0,1.0
81,5499.0,0.4436168740725405,0.17435338714477794,0.2073951943460706,0.5423242908253617,0.16705408466316624,0.5172565140962812,0.2707716003034644,0.10026945316367515,0.13976194237515863,0.3616624854497715,0.5108256237659907,0.02431162282053346,0.06955768370191019,0.47000362924573563,0.44952509790219486,0.0,0.0,0.0,1.0,0.0,1.0,0.0,0.0,0.0,0.0,0.0,0.0,0.0,0.0,0.0,0.0,0.0,0.0,0.0,0.0,0.0,0.0,0.0,0.0,0.0,0.0,0.0,0.0,0.0,0.0,0.0,0.0,0.0,0.0,1.0,0.0,0.0,1.0,0.0,1.0
82,6649.0,0.4436168740725405,0.17435338714477794,0.2073951943460706,0.5423242908253617,0.16705408466316624,0.5172565140962812,0.2707716003034644,0.10026945316367515,0.13976194237515863,0.3616624854497715,0.5108256237659907,0.03761762321911889,0.06955768370191019,0.47000362924573563,0.44952509790219486,0.0,0.0,0.0,1.0,0.0,0.0,0.0,0.0,0.0,0.0,0.0,0.0,0.0,0.0,0.0,0.0,0.0,0.0,0.0,1.0,0.0,0.0,0.0,0.0,0.0,0.0,0.0,0.0,0.0,0.0,0.0,0.0,0.0,0.0,1.0,0.0,0.0,1.0,0.0,1.0
83,6849.0,0.4436168740725405,0.17435338714477794,0.2073951943460706,0.5423242908253617,0.16705408466316624,0.5172565140962812,0.2707716003034644,0.10026945316367515,0.13976194237515863,0.3616624854497715,0.5108256237659907,0.04669209565252544,0.06955768370191019,0.47000362924573563,0.44952509790219486,0.0,0.0,0.0,1.0,0.0,0.0,0.0,0.0,0.0,0.0,0.0,0.0,0.0,0.0,0.0,0.0,0.0,0.0,0.0,1.0,0.0,0.0,0.0,0.0,0.0,0.0,0.0,0.0,0.0,0.0,0.0,0.0,0.0,0.0,1.0,0.0,1.0,0.0,0.0,1.0
84,7349.0,0.38865798979178323,0.17435338714477794,0.2073951943460706,0.5423242908253617,0.16705408466316624,0.5172565140962812,0.3439932440144961,0.10026945316367515,0.13976194237515863,0.3616624854497715,0.5108256237659907,0.08480038430118422,0.06955768370191019,0.47000362924573563,0.44952509790219486,0.0,0.0,0.0,0.0,1.0,0.0,0.0,0.0,0.0,0.0,0.0,0.0,0.0,0.0,0.0,0.0,0.0,0.0,0.0,1.0,0.0,0.0,0.0,0.0,0.0,0.0,0.0,0.0,0.0,0.0,0.0,0.0,0.0,0.0,1.0,0.0,1.0,0.0,0.0,1.0
85,7299.0,0.4436168740725405,0.17435338714477794,0.2073951943460706,0.5423242908253617,0.16705408466316624,0.5172565140962812,0.2707716003034644,0.10026945316367515,0.13976194237515863,0.3616624854497715,0.5108256237659907,0.052546649641310963,0.06955768370191019,0.47000362924573563,0.44952509790219486,0.0,0.0,0.0,1.0,0.0,0.0,0.0,0.0,0.0,0.0,0.0,0.0,0.0,0.0,0.0,0.0,0.0,0.0,0.0,1.0,0.0,0.0,0.0,0.0,0.0,0.0,0.0,0.0,0.0,0.0,0.0,0.0,0.0,0.0,1.0,0.0,0.0,1.0,0.0,1.0
86,7799.0,0.37729423114146815,0.17435338714477794,0.2073951943460706,0.5423242908253617,0.16705408466316624,0.5172565140962812,0.27541197985996646,0.10026945316367515,0.13976194237515863,0.3616624854497715,0.5108256237659907,0.08653800419972513,0.06955768370191019,0.47000362924573563,0.44952509790219486,0.0,0.0,1.0,0.0,0.0,0.0,0.0,0.0,0.0,0.0,0.0,0.0,0.0,0.0,0.0,0.0,0.0,0.0,0.0,1.0,0.0,0.0,0.0,0.0,0.0,0.0,0.0,0.0,0.0,0.0,0.0,0.0,0.0,0.0,1.0,0.0,0.0,1.0,0.0,1.0
87,7499.0,0.4436168740725405,0.17435338714477794,0.2073951943460706,0.5423242908253617,0.16705408466316624,0.5172565140962812,0.2707716003034644,0.10026945316367515,0.13976194237515863,0.3616624854497715,0.5108256237659907,0.06148725456927242,0.06955768370191019,0.47000362924573563,0.44952509790219486,0.0,0.0,0.0,1.0,0.0,0.0,0.0,0.0,0.0,0.0,0.0,0.0,0.0,0.0,0.0,0.0,0.0,0.0,0.0,1.0,0.0,0.0,0.0,0.0,0.0,0.0,0.0,0.0,0.0,0.0,0.0,0.0,0.0,0.0,1.0,0.0,1.0,0.0,0.0,1.0
88,7999.0,0.38865798979178323,0.17435338714477794,0.2073951943460706,0.5423242908253617,0.16705408466316624,0.5172565140962812,0.3439932440144961,0.10026945316367515,0.13976194237515863,0.3616624854497715,0.5108256237659907,0.09043664461538244,0.06955768370191019,0.47000362924573563,0.44952509790219486,0.0,0.0,0.0,0.0,1.0,0.0,0.0,0.0,0.0,0.0,0.0,0.0,0.0,0.0,0.0,0.0,0.0,0.0,0.0,1.0,0.0,0.0,0.0,0.0,0.0,0.0,0.0,0.0,0.0,0.0,0.0,0.0,0.0,0.0,1.0,0.0,1.0,0.0,0.0,1.0
89,8249.0,0.37729423114146815,0.17435338714477794,0.22626367865045338,0.5423242908253617,0.16705408466316624,0.5172565140962812,0.2247682470412116,0.10026945316367515,0.13976194237515863,0.3616624854497715,0.5108256237659907,0.07781955315984398,0.06955768370191019,0.5877866649021191,0.44952509790219486,0.0,1.0,0.0,0.0,0.0,0.0,0.0,0.0,0.0,0.0,0.0,0.0,0.0,0.0,0.0,0.0,0.0,0.0,0.0,1.0,0.0,0.0,0.0,0.0,0.0,0.0,0.0,0.0,0.0,0.0,0.0,0.0,0.0,0.0,1.0,0.0,0.0,1.0,0.0,1.0
90,8949.0,0.45425527227759677,0.28051358297316886,0.28963329258304266,0.44468582126144574,0.16705408466316624,0.4578330936254803,0.38907129833248794,0.1784076574728183,0.08961215868968714,0.44742930720719654,0.5681661703812357,0.20740270639351654,0.17452286430813566,0.3364722366212129,0.44952509790219486,0.0,0.0,1.0,0.0,0.0,0.0,0.0,0.0,0.0,0.0,0.0,0.0,0.0,0.0,0.0,0.0,0.0,0.0,0.0,1.0,0.0,0.0,0.0,0.0,0.0,0.0,0.0,0.0,0.0,0.0,0.0,0.0,0.0,0.0,1.0,0.0,1.0,0.0,0.0,1.0
91,9549.0,0.45425527227759677,0.28051358297316886,0.28963329258304266,0.44468582126144574,0.16705408466316624,0.4578330936254803,0.38907129833248794,0.1784076574728183,0.08961215868968714,0.44742930720719654,0.5681661703812357,0.19890516588307594,0.17452286430813566,0.3364722366212129,0.44952509790219486,0.0,0.0,0.0,1.0,0.0,0.0,0.0,0.0,0.0,0.0,0.0,0.0,0.0,0.0,0.0,0.0,0.0,0.0,0.0,1.0,0.0,0.0,0.0,0.0,0.0,0.0,0.0,0.0,0.0,0.0,0.0,0.0,0.0,0.0,1.0,0.0,1.0,0.0,0.0,1.0
92,13499.0,0.47519844612283985,0.36992017068875316,0.37907835293496944,0.1484200051182734,0.3101549283038396,0.17693070815907824,0.4973202005661834,0.3601844035750078,0.11778303565638346,0.4920795809449355,0.5042466526679482,0.467100697618004,0.35327935493759416,0.3364722366212129,0.44952509790219486,0.0,0.0,0.0,1.0,0.0,0.0,0.0,0.0,0.0,0.0,0.0,0.0,0.0,0.0,0.0,0.0,0.0,0.0,0.0,1.0,0.0,0.0,0.0,0.0,0.0,0.0,0.0,0.0,0.0,0.0,0.0,0.0,0.0,0.0,1.0,0.0,1.0,0.0,0.0,1.0
93,14399.0,0.5257142362597415,0.36992017068875316,0.37907835293496944,0.1484200051182734,0.3101549283038396,0.17693070815907824,0.5325393839897749,0.3601844035750078,0.11778303565638346,0.4920795809449355,0.5042466526679482,0.5250169243803329,0.35327935493759416,0.3364722366212129,0.44952509790219486,0.0,0.0,0.0,0.0,1.0,0.0,0.0,0.0,0.0,0.0,0.0,0.0,0.0,0.0,0.0,0.0,0.0,0.0,0.0,1.0,0.0,0.0,0.0,0.0,0.0,0.0,0.0,0.0,0.0,0.0,0.0,0.0,0.0,0.0,1.0,0.0,1.0,0.0,0.0,1.0
94,13499.0,0.47519844612283985,0.36992017068875316,0.37907835293496944,0.2151113796169455,0.3101549283038396,0.25489224962879004,0.5325393839897749,0.3601844035750078,0.11778303565638346,0.4920795809449355,0.5042466526679482,0.45666374586258063,0.35327935493759416,0.3364722366212129,0.44952509790219486,0.0,0.0,0.0,1.0,0.0,0.0,0.0,0.0,0.0,0.0,0.0,0.0,0.0,0.0,0.0,0.0,0.0,0.0,0.0,1.0,0.0,0.0,0.0,0.0,0.0,0.0,0.0,0.0,0.0,0.0,0.0,0.0,0.0,0.0,1.0,0.0,1.0,0.0,0.0,1.0
95,17199.0,0.14698219034864604,0.45802743819902025,0.10026945316367515,0.2151113796169455,0.3101549283038396,0.25489224962879004,0.3511720257415019,0.3601844035750078,0.11778303565638346,0.4920795809449355,0.5042466526679482,0.45995568359527,0.37680985234778835,0.6931471805599453,0.44952509790219486,0.0,0.0,1.0,0.0,0.0,0.0,0.0,0.0,0.0,0.0,0.0,0.0,0.0,0.0,0.0,0.0,0.0,0.0,0.0,1.0,0.0,0.0,0.0,0.0,0.0,0.0,0.0,0.0,0.0,0.0,0.0,0.0,0.0,0.0,0.0,1.0,0.0,1.0,0.0,1.0
96,19699.0,0.14698219034864604,0.45802743819902025,0.10026945316367515,0.1484200051182734,0.3101549283038396,0.20359895524123955,0.3511720257415019,0.3601844035750078,0.04879016416943204,0.4920795809449355,0.5042466526679482,0.4800687543888338,0.48681074756211684,0.6931471805599453,0.44952509790219486,0.0,0.0,1.0,0.0,0.0,0.0,0.0,0.0,0.0,0.0,0.0,0.0,0.0,0.0,0.0,0.0,0.0,0.0,0.0,1.0,0.0,0.0,0.0,0.0,0.0,0.0,0.0,0.0,0.0,0.0,0.0,0.0,0.0,0.0,0.0,1.0,0.0,1.0,0.0,1.0
97,18399.0,0.14698219034864604,0.45802743819902025,0.34646676734620857,0.2151113796169455,0.3101549283038396,0.25489224962879004,0.4569616338753392,0.3601844035750078,0.11778303565638346,0.4920795809449355,0.5042466526679482,0.4800687543888338,0.37680985234778835,0.47000362924573563,0.44952509790219486,0.0,0.0,1.0,0.0,0.0,0.0,0.0,0.0,0.0,0.0,0.0,0.0,0.0,0.0,0.0,0.0,0.0,0.0,0.0,1.0,0.0,0.0,0.0,0.0,0.0,0.0,0.0,0.0,0.0,0.0,0.0,0.0,0.0,0.0,0.0,1.0,0.0,1.0,0.0,1.0
98,11900.0,0.554842509182765,0.48770320634513675,0.561845443262692,0.2151113796169455,0.16705408466316624,0.22957444164450017,0.5572902054919471,0.1784076574728183,0.08388148398070203,0.5050949490570057,0.4774892034983989,0.44460087341330573,0.17452286430813566,0.3364722366212129,0.3780661339200498,0.0,0.0,0.0,1.0,0.0,0.0,0.0,0.0,0.0,0.0,0.0,0.0,0.0,0.0,0.0,0.0,0.0,0.0,0.0,0.0,1.0,0.0,0.0,0.0,0.0,0.0,0.0,0.0,0.0,0.0,0.0,0.0,0.0,0.0,0.0,1.0,1.0,0.0,0.0,1.0
99,13200.0,0.554842509182765,0.48770320634513675,0.561845443262692,0.47000362924573563,0.16705408466316624,0.43721380642274466,0.5572902054919471,0.2778684510034563,0.6286086594223741,0.6035350218702584,0.5835274555427228,0.49691003512801724,0.16737997679575553,0.3364722366212129,0.0,0.0,0.0,0.0,1.0,0.0,0.0,0.0,0.0,0.0,0.0,0.0,0.0,0.0,0.0,0.0,0.0,0.0,0.0,0.0,0.0,1.0,0.0,0.0,0.0,0.0,0.0,0.0,0.0,0.0,0.0,0.0,0.0,0.0,0.0,0.0,1.0,1.0,0.0,1.0,0.0
100,12440.0,0.6462302607721938,0.48770320634513675,0.6931471805599451,0.2151113796169455,0.16705408466316624,0.22957444164450017,0.6900937430730553,0.1784076574728183,0.08388148398070203,0.5050949490570057,0.4774892034983989,0.506367047865123,0.17452286430813566,0.3364722366212129,0.3780661339200498,0.0,0.0,0.0,0.0,1.0,0.0,0.0,0.0,0.0,0.0,0.0,0.0,0.0,0.0,0.0,0.0,0.0,0.0,0.0,0.0,1.0,0.0,0.0,0.0,0.0,0.0,0.0,0.0,0.0,0.0,0.0,0.0,0.0,0.0,0.0,1.0,1.0,0.0,0.0,1.0
101,13860.0,0.6462302607721938,0.48770320634513675,0.6931471805599451,0.3920420877760237,0.16705408466316624,0.25489224962879004,0.6900937430730553,0.2778684510034563,0.6286086594223741,0.6035350218702584,0.5835274555427228,0.5618443892292483,0.16737997679575553,0.3364722366212129,0.0,0.0,0.0,0.0,0.0,1.0,0.0,0.0,0.0,0.0,0.0,0.0,0.0,0.0,0.0,0.0,0.0,0.0,0.0,0.0,0.0,1.0,0.0,0.0,0.0,0.0,0.0,0.0,0.0,0.0,0.0,0.0,0.0,0.0,0.0,0.0,1.0,1.0,0.0,1.0,0.0
102,15580.0,0.554842509182765,0.48770320634513675,0.561845443262692,0.2151113796169455,0.16705408466316624,0.22957444164450017,0.5572902054919471,0.1784076574728183,0.08388148398070203,0.5050949490570057,0.06351340572232593,0.4611500701212537,0.16737997679575553,0.3364722366212129,0.3780661339200498,0.0,0.0,0.0,1.0,0.0,0.0,0.0,0.0,0.0,0.0,0.0,0.0,0.0,0.0,0.0,0.0,0.0,0.0,0.0,0.0,1.0,0.0,0.0,0.0,0.0,0.0,0.0,0.0,0.0,0.0,0.0,0.0,0.0,0.0,0.0,1.0,1.0,0.0,0.0,1.0
103,16900.0,0.554842509182765,0.48770320634513675,0.561845443262692,0.47000362924573563,0.16705408466316624,0.43721380642274466,0.5572902054919471,0.2778684510034563,0.6286086594223741,0.6035350218702584,0.5835274555427228,0.5126223995106253,0.16737997679575553,0.3364722366212129,0.0,0.0,0.0,0.0,1.0,0.0,0.0,0.0,0.0,0.0,0.0,0.0,0.0,0.0,0.0,0.0,0.0,0.0,0.0,0.0,0.0,1.0,0.0,0.0,0.0,0.0,0.0,0.0,0.0,0.0,0.0,0.0,0.0,0.0,0.0,0.0,1.0,1.0,0.0,1.0,0.0
104,16695.0,0.554842509182765,0.48770320634513675,0.6931471805599451,0.2151113796169455,0.16705408466316624,0.22957444164450017,0.6900937430730553,0.1784076574728183,0.08388148398070203,0.5050949490570057,0.06351340572232593,0.5219326656617211,0.16737997679575553,0.3364722366212129,0.3780661339200498,0.0,0.0,0.0,0.0,1.0,0.0,0.0,0.0,0.0,0.0,0.0,0.0,0.0,0.0,0.0,0.0,0.0,0.0,0.0,0.0,1.0,0.0,0.0,0.0,0.0,0.0,0.0,0.0,0.0,0.0,0.0,0.0,0.0,0.0,0.0,1.0,1.0,0.0,0.0,1.0
105,17075.0,0.6462302607721938,0.48770320634513675,0.6931471805599451,0.3920420877760237,0.16705408466316624,0.25489224962879004,0.6900937430730553,0.2778684510034563,0.6286086594223741,0.6035350218702584,0.5835274555427228,0.5765761408542798,0.16737997679575553,0.3364722366212129,0.0,0.0,0.0,0.0,0.0,1.0,0.0,0.0,0.0,0.0,0.0,0.0,0.0,0.0,0.0,0.0,0.0,0.0,0.0,0.0,0.0,1.0,0.0,0.0,0.0,0.0,0.0,0.0,0.0,0.0,0.0,0.0,0.0,0.0,0.0,0.0,1.0,1.0,0.0,1.0,0.0
106,16630.0,0.554842509182765,0.48770320634513675,0.561845443262692,0.2151113796169455,0.16705408466316624,0.22957444164450017,0.5572902054919471,0.1784076574728183,0.08388148398070203,0.5050949490570057,0.4774892034983989,0.4611500701212537,0.17452286430813566,0.3364722366212129,0.3780661339200498,0.0,0.0,0.0,1.0,0.0,0.0,0.0,0.0,0.0,0.0,0.0,0.0,0.0,0.0,0.0,0.0,0.0,0.0,0.0,0.0,1.0,0.0,0.0,0.0,0.0,0.0,0.0,0.0,0.0,0.0,0.0,0.0,0.0,0.0,0.0,1.0,1.0,0.0,0.0,1.0
107,17950.0,0.554842509182765,0.48770320634513675,0.561845443262692,0.47000362924573563,0.16705408466316624,0.43721380642274466,0.5572902054919471,0.2778684510034563,0.6286086594223741,0.6035350218702584,0.5835274555427228,0.5126223995106253,0.16737997679575553,0.3364722366212129,0.0,0.0,0.0,0.0,1.0,0.0,0.0,0.0,0.0,0.0,0.0,0.0,0.0,0.0,0.0,0.0,0.0,0.0,0.0,0.0,0.0,1.0,0.0,0.0,0.0,0.0,0.0,0.0,0.0,0.0,0.0,0.0,0.0,0.0,0.0,0.0,1.0,1.0,0.0,1.0,0.0
108,18150.0,0.5207759546191586,0.4818380868927381,0.5640701382848027,0.1823215567939546,0.16705408466316624,0.22957444164450017,0.5572902054919471,0.22314355131420976,0.0,0.567745914018673,0.4842459859612787,0.4774298436065768,0.3230655763410975,0.3364722366212129,0.5787368293822011,0.0,0.0,0.0,1.0,0.0,0.0,0.0,0.0,0.0,0.0,0.0,0.0,0.0,0.0,0.0,0.0,0.0,0.0,0.0,0.0,1.0,0.0,0.0,0.0,0.0,0.0,0.0,0.0,0.0,0.0,0.0,0.0,0.0,0.0,0.0,1.0,1.0,0.0,0.0,1.0
109,5572.0,0.2231435513142094,0.17435338714477794,0.18167030310763468,0.6729444732424258,0.16705408466316624,0.5913644862500029,0.13834701465413288,0.07522342123758753,0.13976194237515863,0.26784373023211666,0.4909574205492655,0.03761762321911889,0.06559728248581327,0.47000362924573563,0.5479651707154473,0.0,0.0,1.0,0.0,0.0,0.0,0.0,0.0,0.0,0.0,0.0,0.0,0.0,0.0,0.0,0.0,0.0,0.0,0.0,0.0,0.0,1.0,0.0,0.0,0.0,0.0,0.0,0.0,0.0,0.0,0.0,0.0,0.0,0.0,1.0,0.0,0.0,1.0,0.0,1.0
110,7957.0,0.2231435513142094,0.17435338714477794,0.18167030310763468,0.36464311358790924,0.16705408466316624,0.3726752852851735,0.13834701465413288,0.10379679368164356,0.0368139731227164,0.300104592450338,0.5430864859842122,0.12902527803904165,0.1921600057942426,0.47000362924573563,0.5479651707154473,0.0,0.0,1.0,0.0,0.0,0.0,0.0,0.0,0.0,0.0,0.0,0.0,0.0,0.0,0.0,0.0,0.0,0.0,0.0,0.0,0.0,1.0,0.0,0.0,0.0,0.0,0.0,0.0,0.0,0.0,0.0,0.0,0.0,0.0,1.0,0.0,0.0,1.0,0.0,1.0
111,6229.0,0.20972053098206947,0.17435338714477794,0.18167030310763468,0.5423242908253617,0.16705408466316624,0.5363047090669756,0.13834701465413288,0.07522342123758753,0.13976194237515863,0.26784373023211666,0.4909574205492655,0.05970551690415167,0.06559728248581327,0.47000362924573563,0.5479651707154473,0.0,0.0,1.0,0.0,0.0,0.0,0.0,0.0,0.0,0.0,0.0,0.0,0.0,0.0,0.0,0.0,0.0,0.0,0.0,0.0,0.0,1.0,0.0,0.0,0.0,0.0,0.0,0.0,0.0,0.0,0.0,0.0,0.0,0.0,1.0,0.0,1.0,0.0,0.0,1.0
112,6692.0,0.2231435513142094,0.17435338714477794,0.18167030310763468,0.5423242908253617,0.16705408466316624,0.5363047090669756,0.3013083241635463,0.07522342123758753,0.13976194237515863,0.26784373023211666,0.4909574205492655,0.06946602030107761,0.06559728248581327,0.47000362924573563,0.5479651707154473,0.0,0.0,0.0,1.0,0.0,0.0,0.0,0.0,0.0,0.0,0.0,0.0,0.0,0.0,0.0,0.0,0.0,0.0,0.0,0.0,0.0,1.0,0.0,0.0,0.0,0.0,0.0,0.0,0.0,0.0,0.0,0.0,0.0,0.0,1.0,0.0,1.0,0.0,0.0,1.0
113,7609.0,0.2231435513142094,0.17435338714477794,0.18167030310763468,0.5423242908253617,0.16705408466316624,0.5363047090669756,0.3013083241635463,0.10379679368164356,0.13976194237515863,0.26784373023211666,0.4909574205492655,0.15489409891329983,0.06559728248581327,0.47000362924573563,0.5479651707154473,0.0,0.0,0.0,1.0,0.0,0.0,0.0,0.0,0.0,0.0,0.0,0.0,0.0,0.0,0.0,0.0,0.0,0.0,0.0,0.0,0.0,1.0,0.0,0.0,0.0,0.0,0.0,0.0,0.0,0.0,0.0,0.0,0.0,0.0,1.0,0.0,1.0,0.0,0.0,1.0
114,8921.0,0.6931471805599451,0.23638877806423034,0.4537591174671202,0.36464311358790924,0.16705408466316624,0.3726752852851735,0.4054651081081644,0.184922338494012,0.08961215868968714,0.4565202789084485,0.5650653927029875,0.2854315532904751,0.14197026127038728,0.1823215567939546,0.3780661339200498,0.0,0.0,0.0,0.0,1.0,0.0,0.0,0.0,0.0,0.0,0.0,0.0,0.0,0.0,0.0,0.0,0.0,0.0,0.0,0.0,0.0,1.0,0.0,0.0,0.0,0.0,0.0,0.0,0.0,0.0,0.0,0.0,0.0,0.0,1.0,0.0,1.0,0.0,0.0,1.0
115,12764.0,0.18232155679395515,0.35667494393873256,0.25088030628580976,0.2151113796169455,0.16705408466316624,0.22957444164450017,0.386312675893408,0.28963329258304266,0.0,0.5596157879354225,0.6821580589843501,0.3813560135169546,0.3322259457397619,0.6931471805599453,0.3780661339200498,0.0,0.0,1.0,0.0,0.0,0.0,0.0,0.0,0.0,0.0,0.0,0.0,0.0,0.0,0.0,0.0,0.0,0.0,0.0,0.0,0.0,1.0,0.0,0.0,0.0,0.0,0.0,0.0,0.0,0.0,0.0,0.0,0.0,0.0,0.0,1.0,0.0,1.0,0.0,1.0
116,22018.0,0.18232155679395515,0.4818380868927381,0.2073951943460706,0.2151113796169455,0.16705408466316624,0.30368241379822214,0.32508358965720435,0.2749054858727992,0.1451820098444979,0.6931471805599453,0.44999606291820016,0.36834346816252106,0.3261283658716434,0.6931471805599453,0.5479651707154473,0.0,0.0,1.0,0.0,0.0,0.0,0.0,0.0,0.0,0.0,0.0,0.0,0.0,0.0,0.0,0.0,0.0,0.0,0.0,0.0,0.0,0.0,0.0,1.0,0.0,0.0,0.0,0.0,0.0,0.0,0.0,0.0,0.0,0.0,0.0,1.0,0.0,1.0,0.0,1.0
117,32528.0,0.275103290244921,0.2660205756706014,0.034552381506659735,0.1484200051182734,0.3101549283038396,0.25489224962879004,0.32508358965720435,0.394993808240869,0.1451820098444979,0.6190392084062236,0.3740101559402782,0.36111372914620565,0.5048757549597557,0.6931471805599453,0.6657482063718307,0.0,1.0,0.0,0.0,0.0,0.0,0.0,0.0,0.0,0.0,0.0,0.0,0.0,0.0,0.0,0.0,0.0,0.0,0.0,0.0,0.0,0.0,1.0,0.0,0.0,0.0,0.0,0.0,0.0,0.0,0.0,0.0,0.0,0.0,0.0,1.0,0.0,1.0,0.0,1.0
118,34028.0,0.275103290244921,0.2660205756706014,0.034552381506659735,0.1484200051182734,0.3101549283038396,0.25489224962879004,0.32508358965720435,0.394993808240869,0.1451820098444979,0.6190392084062236,0.3740101559402782,0.36111372914620565,0.5048757549597557,0.6931471805599453,0.6657482063718307,0.0,1.0,0.0,0.0,0.0,0.0,0.0,0.0,0.0,0.0,0.0,0.0,0.0,0.0,0.0,0.0,0.0,0.0,0.0,0.0,0.0,0.0,0.0,1.0,0.0,0.0,0.0,0.0,0.0,0.0,0.0,0.0,0.0,0.0,0.0,1.0,0.0,1.0,0.0,1.0
119,37028.0,0.275103290244921,0.2660205756706014,0.034552381506659735,0.1484200051182734,0.3101549283038396,0.25489224962879004,0.32508358965720435,0.394993808240869,0.1451820098444979,0.6190392084062236,0.3740101559402782,0.3755213130094778,0.5048757549597557,0.6931471805599453,0.6657482063718307,1.0,0.0,0.0,0.0,0.0,0.0,0.0,0.0,0.0,0.0,0.0,0.0,0.0,0.0,0.0,0.0,0.0,0.0,0.0,0.0,0.0,0.0,0.0,1.0,0.0,0.0,0.0,0.0,0.0,0.0,0.0,0.0,0.0,0.0,0.0,1.0,0.0,1.0,0.0,1.0
120,31400.5,0.20294084399669038,0.6931471805599453,0.324119468654212,0.1484200051182734,0.4353180712578455,0.3272129112084162,0.42026026702491115,0.4184018991388838,0.17185025692665923,0.6931471805599453,0.44999606291820016,0.5444242426714967,0.6931471805599453,0.47000362924573563,0.623188591953035,0.0,0.0,1.0,0.0,0.0,0.0,0.0,0.0,0.0,0.0,0.0,0.0,0.0,0.0,0.0,0.0,0.0,0.0,0.0,0.0,0.0,0.0,0.0,1.0,0.0,0.0,0.0,0.0,0.0,0.0,0.0,0.0,0.0,0.0,0.0,1.0,0.0,1.0,0.0,1.0
121,9295.0,0.4803664162812822,0.36992017068875316,0.2569409308975001,0.3364722366212129,0.16705408466316624,0.39465419200394874,0.49484495177764065,0.21687393830061436,0.10097591734000218,0.5050949490570057,0.6931471805599453,0.3009631044740539,0.14929630136246017,0.3364722366212129,0.41443377809092485,0.0,0.0,0.0,0.0,1.0,0.0,0.0,0.0,0.0,0.0,0.0,0.0,0.0,0.0,0.0,0.0,0.0,0.0,0.0,0.0,0.0,0.0,0.0,0.0,1.0,0.0,0.0,0.0,0.0,0.0,0.0,0.0,0.0,0.0,1.0,0.0,1.0,0.0,0.0,1.0
122,9895.0,0.20294084399669038,0.3764775712349116,0.2569409308975001,0.3364722366212129,0.16705408466316624,0.39465419200394874,0.43483971678806876,0.21687393830061436,0.10097591734000218,0.5050949490570057,0.6931471805599453,0.25838826112638447,0.14929630136246017,0.5877866649021191,0.41443377809092485,0.0,0.0,1.0,0.0,0.0,0.0,0.0,0.0,0.0,0.0,0.0,0.0,0.0,0.0,0.0,0.0,0.0,0.0,0.0,0.0,0.0,0.0,0.0,0.0,1.0,0.0,0.0,0.0,0.0,0.0,0.0,0.0,0.0,0.0,1.0,0.0,0.0,1.0,0.0,1.0
123,11850.0,0.5257142362597415,0.36992017068875316,0.3437005138533181,0.2776317365982794,0.16705408466316624,0.3272129112084162,0.5561253829956541,0.18167030310763468,0.13485863644663823,0.5389965007326869,0.4359607448018166,0.3282579410868704,0.21974796231307156,0.6931471805599453,0.4666195312614948,0.0,0.0,1.0,0.0,0.0,0.0,0.0,0.0,0.0,0.0,0.0,0.0,0.0,0.0,0.0,0.0,0.0,0.0,0.0,0.0,0.0,0.0,0.0,0.0,0.0,1.0,0.0,0.0,0.0,0.0,0.0,0.0,0.0,0.0,1.0,0.0,0.0,1.0,0.0,1.0
124,12170.0,0.5257142362597415,0.36992017068875316,0.3437005138533181,0.2776317365982794,0.16705408466316624,0.3272129112084162,0.5561253829956541,0.18167030310763468,0.13431233760759406,0.5389965007326869,0.4359607448018166,0.34078985784655097,0.21974796231307156,0.5877866649021191,0.4666195312614948,0.0,0.0,0.0,1.0,0.0,0.0,0.0,0.0,0.0,0.0,0.0,0.0,0.0,0.0,0.0,0.0,0.0,0.0,0.0,0.0,0.0,0.0,0.0,0.0,0.0,1.0,0.0,0.0,0.0,0.0,0.0,0.0,0.0,0.0,1.0,0.0,1.0,0.0,0.0,1.0
125,15040.0,0.5257142362597415,0.36992017068875316,0.3437005138533181,0.2776317365982794,0.16705408466316624,0.3272129112084162,0.5561253829956541,0.18167030310763468,0.13431233760759406,0.0,0.0,0.3448207668986919,0.21974796231307156,0.6931471805599453,0.4666195312614948,0.0,0.0,1.0,0.0,0.0,0.0,0.0,0.0,0.0,0.0,0.0,0.0,0.0,0.0,0.0,0.0,0.0,0.0,0.0,0.0,0.0,0.0,0.0,0.0,0.0,1.0,0.0,0.0,0.0,0.0,0.0,0.0,0.0,0.0,1.0,0.0,0.0,1.0,0.0,1.0
126,15510.0,0.5257142362597415,0.36992017068875316,0.3437005138533181,0.2776317365982794,0.16705408466316624,0.3272129112084162,0.5561253829956541,0.18167030310763468,0.13431233760759406,0.5389965007326869,0.4359607448018166,0.3617731422924209,0.21974796231307156,0.5877866649021191,0.4666195312614948,0.0,0.0,0.0,1.0,0.0,0.0,0.0,0.0,0.0,0.0,0.0,0.0,0.0,0.0,0.0,0.0,0.0,0.0,0.0,0.0,0.0,0.0,0.0,0.0,0.0,1.0,0.0,0.0,0.0,0.0,0.0,0.0,0.0,0.0,1.0,0.0,1.0,0.0,0.0,1.0
127,18150.0,0.5257142362597415,0.36992017068875316,0.3437005138533181,0.2151113796169455,0.16705408466316624,0.2795848622191615,0.5561253829956541,0.18167030310763468,0.11778303565638346,0.5389965007326869,0.4359607448018166,0.3781187170671635,0.37680985234778835,0.6931471805599453,0.5479651707154473,0.0,0.0,1.0,0.0,0.0,0.0,0.0,0.0,0.0,0.0,0.0,0.0,0.0,0.0,0.0,0.0,0.0,0.0,0.0,0.0,0.0,0.0,0.0,0.0,0.0,1.0,0.0,0.0,0.0,0.0,0.0,0.0,0.0,0.0,1.0,0.0,0.0,1.0,0.0,1.0
128,18620.0,0.5257142362597415,0.36992017068875316,0.3437005138533181,0.2151113796169455,0.16705408466316624,0.2795848622191615,0.5561253829956541,0.18167030310763468,0.11778303565638346,0.5389965007326869,0.4359607448018166,0.39068533966702185,0.37680985234778835,0.5877866649021191,0.5479651707154473,0.0,0.0,0.0,1.0,0.0,0.0,0.0,0.0,0.0,0.0,0.0,0.0,0.0,0.0,0.0,0.0,0.0,0.0,0.0,0.0,0.0,0.0,0.0,0.0,0.0,1.0,0.0,0.0,0.0,0.0,0.0,0.0,0.0,0.0,1.0,0.0,1.0,0.0,0.0,1.0
129,5118.0,0.399894063058709,0.14183019543921802,0.18167030310763468,0.5423242908253617,0.16705408466316624,0.49783842823917945,0.13124218903038812,0.10026945316367515,0.11778303565638346,0.5717863235556779,0.14710012183059165,0.09604131546255307,0.06955768370191019,0.5877866649021191,0.3403258059372028,0.0,0.0,1.0,0.0,0.0,0.0,0.0,0.0,0.0,0.0,0.0,0.0,0.0,0.0,0.0,0.0,0.0,0.0,0.0,0.0,0.0,0.0,0.0,0.0,0.0,0.0,1.0,0.0,0.0,0.0,0.0,0.0,0.0,0.0,1.0,0.0,0.0,1.0,0.0,1.0
130,7053.0,0.399894063058709,0.15822400521489435,0.18167030310763468,0.41871033485818504,0.16705408466316624,0.39465419200394874,0.14891049316370217,0.13840232285911913,0.10097591734000218,0.5717863235556779,0.27115277050057046,0.1256919416192832,0.08524427986960971,0.5877866649021191,0.1267517056391438,0.0,0.0,1.0,0.0,0.0,0.0,0.0,0.0,0.0,0.0,0.0,0.0,0.0,0.0,0.0,0.0,0.0,0.0,0.0,0.0,0.0,0.0,0.0,0.0,0.0,0.0,1.0,0.0,0.0,0.0,0.0,0.0,0.0,0.0,1.0,0.0,0.0,1.0,0.0,1.0
131,7603.0,0.5058130819424466,0.17435338714477794,0.16855536102980667,0.41871033485818504,0.16705408466316624,0.39465419200394874,0.13834701465413288,0.13840232285911913,0.10097591734000218,0.5717863235556779,0.27115277050057046,0.1745616002042743,0.08524427986960971,0.5877866649021191,0.1267517056391438,0.0,0.0,1.0,0.0,0.0,0.0,0.0,0.0,0.0,0.0,0.0,0.0,0.0,0.0,0.0,0.0,0.0,0.0,0.0,0.0,0.0,0.0,0.0,0.0,0.0,0.0,1.0,0.0,0.0,0.0,0.0,0.0,0.0,1.0,0.0,0.0,0.0,1.0,0.0,1.0
132,7126.0,0.3305020696347094,0.2947995402206453,0.28963329258304266,0.5653138090500605,0.16705408466316624,0.5172565140962812,0.3695991949196677,0.13840232285911913,0.1451820098444979,0.5717863235556779,0.27115277050057046,0.13607193932200193,0.1196645037560891,0.3364722366212129,0.3011050927839216,0.0,0.0,0.0,1.0,0.0,0.0,0.0,0.0,0.0,0.0,0.0,0.0,0.0,0.0,0.0,0.0,0.0,0.0,0.0,0.0,0.0,0.0,0.0,0.0,0.0,0.0,1.0,0.0,0.0,0.0,0.0,0.0,0.0,0.0,1.0,0.0,1.0,0.0,0.0,1.0
133,7775.0,0.3305020696347094,0.2947995402206453,0.28963329258304266,0.47000362924573563,0.16705408466316624,0.43721380642274466,0.3695991949196677,0.13840232285911913,0.1451820098444979,0.5717863235556779,0.27115277050057046,0.15448866610823275,0.1196645037560891,0.3364722366212129,0.1267517056391438,0.0,0.0,0.0,1.0,0.0,0.0,0.0,0.0,0.0,0.0,0.0,0.0,0.0,0.0,0.0,0.0,0.0,0.0,0.0,0.0,0.0,0.0,0.0,0.0,0.0,0.0,1.0,0.0,0.0,0.0,0.0,0.0,0.0,0.0,1.0,0.0,1.0,0.0,0.0,1.0
134,9960.0,0.3305020696347094,0.2947995402206453,0.28963329258304266,0.41871033485818504,0.16705408466316624,0.4161603972249123,0.3695991949196677,0.13840232285911913,0.11778303565638346,0.5717863235556779,0.27115277050057046,0.21353769496103245,0.16378930866502697,0.3364722366212129,0.44952509790219486,0.0,0.0,0.0,1.0,0.0,0.0,0.0,0.0,0.0,0.0,0.0,0.0,0.0,0.0,0.0,0.0,0.0,0.0,0.0,0.0,0.0,0.0,0.0,0.0,0.0,0.0,1.0,0.0,0.0,0.0,0.0,0.0,0.0,0.0,1.0,0.0,1.0,0.0,0.0,1.0
135,9233.0,0.4328640822962787,0.2947995402206453,0.2837681731306446,0.36464311358790924,0.16705408466316624,0.25489224962879004,0.3695991949196677,0.13840232285911913,0.11778303565638346,0.5717863235556779,0.27115277050057046,0.23059325336163242,0.1196645037560891,0.3364722366212129,0.3011050927839216,0.0,0.0,0.0,1.0,0.0,0.0,0.0,0.0,0.0,0.0,0.0,0.0,0.0,0.0,0.0,0.0,0.0,0.0,0.0,0.0,0.0,0.0,0.0,0.0,0.0,0.0,1.0,0.0,0.0,0.0,0.0,0.0,0.0,1.0,0.0,0.0,1.0,0.0,0.0,1.0
136,11259.0,0.4328640822962787,0.2947995402206453,0.2837681731306446,0.36464311358790924,0.16705408466316624,0.35020242943311497,0.3695991949196677,0.13840232285911913,0.04281999718292814,0.5717863235556779,0.27115277050057046,0.2764981367236944,0.22314355131420976,0.3364722366212129,0.3011050927839216,0.0,0.0,0.0,1.0,0.0,0.0,0.0,0.0,0.0,0.0,0.0,0.0,0.0,0.0,0.0,0.0,0.0,0.0,0.0,0.0,0.0,0.0,0.0,0.0,0.0,0.0,1.0,0.0,0.0,0.0,0.0,0.0,0.0,1.0,0.0,0.0,1.0,0.0,0.0,1.0
137,7463.0,0.3600027340314069,0.2947995402206453,0.2837681731306446,0.47000362924573563,0.16705408466316624,0.4161603972249123,0.3904477610412112,0.13840232285911913,0.11778303565638346,0.5717863235556779,0.27115277050057046,0.19423952755952487,0.1196645037560891,0.3364722366212129,0.3011050927839216,0.0,0.0,0.0,0.0,1.0,0.0,0.0,0.0,0.0,0.0,0.0,0.0,0.0,0.0,0.0,0.0,0.0,0.0,0.0,0.0,0.0,0.0,0.0,0.0,0.0,0.0,1.0,0.0,0.0,0.0,0.0,0.0,0.0,0.0,1.0,0.0,1.0,0.0,0.0,1.0
138,10198.0,0.3600027340314069,0.2947995402206453,0.2837681731306446,0.3920420877760237,0.16705408466316624,0.39465419200394874,0.3904477610412112,0.13840232285911913,0.11778303565638346,0.5717863235556779,0.27115277050057046,0.2565591038576482,0.16378930866502697,0.3364722366212129,0.44952509790219486,0.0,0.0,0.0,0.0,1.0,0.0,0.0,0.0,0.0,0.0,0.0,0.0,0.0,0.0,0.0,0.0,0.0,0.0,0.0,0.0,0.0,0.0,0.0,0.0,0.0,0.0,1.0,0.0,0.0,0.0,0.0,0.0,0.0,0.0,1.0,0.0,1.0,0.0,0.0,1.0
139,8013.0,0.4647816852645837,0.2947995402206453,0.2808226629008878,0.3364722366212129,0.16705408466316624,0.35020242943311497,0.39182233170437775,0.13840232285911913,0.11778303565638346,0.5717863235556779,0.27115277050057046,0.24366045441614084,0.1196645037560891,0.3364722366212129,0.3011050927839216,0.0,0.0,0.0,0.0,1.0,0.0,0.0,0.0,0.0,0.0,0.0,0.0,0.0,0.0,0.0,0.0,0.0,0.0,0.0,0.0,0.0,0.0,0.0,0.0,0.0,0.0,1.0,0.0,0.0,0.0,0.0,0.0,0.0,1.0,0.0,0.0,1.0,0.0,0.0,1.0
140,11694.0,0.4647816852645837,0.2947995402206453,0.2808226629008878,0.3364722366212129,0.16705408466316624,0.20359895524123955,0.39182233170437775,0.13840232285911913,0.04281999718292814,0.5717863235556779,0.27115277050057046,0.32552756396401283,0.22314355131420976,0.3364722366212129,0.3011050927839216,0.0,0.0,0.0,0.0,1.0,0.0,0.0,0.0,0.0,0.0,0.0,0.0,0.0,0.0,0.0,0.0,0.0,0.0,0.0,0.0,0.0,0.0,0.0,0.0,0.0,0.0,1.0,0.0,0.0,0.0,0.0,0.0,0.0,1.0,0.0,0.0,1.0,0.0,0.0,1.0
141,5348.0,0.4436168740725405,0.15822400521489435,0.24478272641769092,0.6312717768418579,0.16705408466316624,0.5549968420791281,0.16282376108068708,0.08244366921107459,0.11778303565638346,0.3106310054373254,0.42172562897994464,0.06769845466191315,0.04149973090675284,0.47000362924573563,0.3011050927839216,0.0,0.0,1.0,0.0,0.0,0.0,0.0,0.0,0.0,0.0,0.0,0.0,0.0,0.0,0.0,0.0,0.0,0.0,0.0,0.0,0.0,0.0,0.0,0.0,0.0,0.0,0.0,1.0,0.0,0.0,0.0,0.0,0.0,0.0,1.0,0.0,0.0,1.0,0.0,1.0
142,6338.0,0.4436168740725405,0.15822400521489435,0.24478272641769092,0.5423242908253617,0.16705408466316624,0.5363047090669756,0.16282376108068708,0.08244366921107459,0.11778303565638346,0.3106310054373254,0.42172562897994464,0.09173282107682904,0.04149973090675284,0.47000362924573563,0.3011050927839216,0.0,0.0,1.0,0.0,0.0,0.0,0.0,0.0,0.0,0.0,0.0,0.0,0.0,0.0,0.0,0.0,0.0,0.0,0.0,0.0,0.0,0.0,0.0,0.0,0.0,0.0,0.0,1.0,0.0,0.0,0.0,0.0,0.0,0.0,1.0,0.0,0.0,1.0,0.0,1.0
143,6488.0,0.4436168740725405,0.15822400521489435,0.24478272641769092,0.5423242908253617,0.16705408466316624,0.5363047090669756,0.16282376108068708,0.08244366921107459,0.11778303565638346,0.3106310054373254,0.42172562897994464,0.08087966483743891,0.04149973090675284,0.47000362924573563,0.3011050927839216,0.0,0.0,1.0,0.0,0.0,0.0,0.0,0.0,0.0,0.0,0.0,0.0,0.0,0.0,0.0,0.0,0.0,0.0,0.0,0.0,0.0,0.0,0.0,0.0,0.0,0.0,0.0,1.0,0.0,0.0,0.0,0.0,0.0,0.0,1.0,0.0,1.0,0.0,0.0,1.0
144,6918.0,0.6635467107836547,0.15822400521489435,0.24478272641769092,0.5423242908253617,0.16705408466316624,0.5172565140962812,0.33676255452135045,0.08244366921107459,0.11778303565638346,0.3106310054373254,0.42172562897994464,0.19033479788136878,0.04149973090675284,0.3364722366212129,0.3011050927839216,0.0,0.0,0.0,0.0,1.0,0.0,0.0,0.0,0.0,0.0,0.0,0.0,0.0,0.0,0.0,0.0,0.0,0.0,0.0,0.0,0.0,0.0,0.0,0.0,0.0,0.0,0.0,1.0,0.0,0.0,0.0,0.0,0.0,0.0,1.0,0.0,1.0,0.0,0.0,1.0
145,7898.0,0.6635467107836547,0.15822400521489435,0.24478272641769092,0.44468582126144574,0.16705408466316624,0.4161603972249123,0.33676255452135045,0.08244366921107459,0.11778303565638346,0.3106310054373254,0.42172562897994464,0.19423952755952487,0.04149973090675284,0.3364722366212129,0.3011050927839216,0.0,0.0,0.0,0.0,1.0,0.0,0.0,0.0,0.0,0.0,0.0,0.0,0.0,0.0,0.0,0.0,0.0,0.0,0.0,0.0,0.0,0.0,0.0,0.0,0.0,0.0,0.0,1.0,0.0,0.0,0.0,0.0,0.0,1.0,0.0,0.0,1.0,0.0,0.0,1.0
146,8778.0,0.6635467107836547,0.15822400521489435,0.24478272641769092,0.44468582126144574,0.16705408466316624,0.4161603972249123,0.33676255452135045,0.08244366921107459,0.11778303565638346,0.3106310054373254,0.42172562897994464,0.4715405450770239,0.04149973090675284,0.3364722366212129,0.3011050927839216,0.0,0.0,0.0,0.0,1.0,0.0,0.0,0.0,0.0,0.0,0.0,0.0,0.0,0.0,0.0,0.0,0.0,0.0,0.0,0.0,0.0,0.0,0.0,0.0,0.0,0.0,0.0,1.0,0.0,0.0,0.0,0.0,0.0,1.0,0.0,0.0,1.0,0.0,0.0,1.0
147,6938.0,0.3600027340314069,0.22123697304362888,0.24478272641769092,0.5187937934151675,0.16705408466316624,0.5172565140962812,0.286156519142944,0.10379679368164356,0.11778303565638346,0.3813675565291038,0.42172562897994464,0.1092808853200745,0.07350246199292652,0.3364722366212129,0.3011050927839216,0.0,0.0,0.0,1.0,0.0,0.0,0.0,0.0,0.0,0.0,0.0,0.0,0.0,0.0,0.0,0.0,0.0,0.0,0.0,0.0,0.0,0.0,0.0,0.0,0.0,0.0,0.0,1.0,0.0,0.0,0.0,0.0,0.0,0.0,1.0,0.0,1.0,0.0,0.0,1.0
148,7198.0,0.34830669426821564,0.22123697304362888,0.24478272641769092,0.5187937934151675,0.16705408466316624,0.5172565140962812,0.286156519142944,0.10379679368164356,0.11778303565638346,0.3813675565291038,0.42172562897994464,0.1210903857063849,0.07350246199292652,0.3364722366212129,0.3011050927839216,0.0,0.0,1.0,0.0,0.0,0.0,0.0,0.0,0.0,0.0,0.0,0.0,0.0,0.0,0.0,0.0,0.0,0.0,0.0,0.0,0.0,0.0,0.0,0.0,0.0,0.0,0.0,1.0,0.0,0.0,0.0,0.0,0.0,0.0,1.0,0.0,1.0,0.0,0.0,1.0
149,7898.0,0.3600027340314069,0.22123697304362888,0.24478272641769092,0.6097655716208943,0.16705408466316624,0.49783842823917945,0.286156519142944,0.1451820098444979,0.6773988235918061,0.41964974310012093,0.5303067593378132,0.1883767005257545,0.01680711831638119,0.3364722366212129,0.1732717212740366,0.0,0.0,0.0,1.0,0.0,0.0,0.0,0.0,0.0,0.0,0.0,0.0,0.0,0.0,0.0,0.0,0.0,0.0,0.0,0.0,0.0,0.0,0.0,0.0,0.0,0.0,0.0,1.0,0.0,0.0,0.0,0.0,0.0,0.0,1.0,0.0,1.0,0.0,1.0,0.0
150,7788.0,0.34830669426821564,0.22123697304362888,0.24478272641769092,0.6931471805599453,0.16705408466316624,0.6931471805599453,0.286156519142944,0.1451820098444979,0.6773988235918061,0.41964974310012093,0.5303067593378132,0.1883767005257545,0.01680711831638119,0.3364722366212129,0.1732717212740366,0.0,0.0,1.0,0.0,0.0,0.0,0.0,0.0,0.0,0.0,0.0,0.0,0.0,0.0,0.0,0.0,0.0,0.0,0.0,0.0,0.0,0.0,0.0,0.0,0.0,0.0,0.0,1.0,0.0,0.0,0.0,0.0,0.0,0.0,1.0,0.0,1.0,0.0,1.0,0.0
151,7738.0,0.3600027340314069,0.22123697304362888,0.24478272641769092,0.6931471805599453,0.16705408466316624,0.6931471805599453,0.286156519142944,0.10379679368164356,0.11778303565638346,0.3813675565291038,0.42172562897994464,0.11478121651312015,0.07350246199292652,0.3364722366212129,0.3011050927839216,0.0,0.0,0.0,1.0,0.0,0.0,0.0,0.0,0.0,0.0,0.0,0.0,0.0,0.0,0.0,0.0,0.0,0.0,0.0,0.0,0.0,0.0,0.0,0.0,0.0,0.0,0.0,1.0,0.0,0.0,0.0,0.0,0.0,0.0,1.0,0.0,1.0,0.0,0.0,1.0
152,8358.0,0.34830669426821564,0.22123697304362888,0.24478272641769092,0.47000362924573563,0.16705408466316624,0.4578330936254803,0.286156519142944,0.10379679368164356,0.11778303565638346,0.3813675565291038,0.42172562897994464,0.12652631797140276,0.07350246199292652,0.3364722366212129,0.3011050927839216,0.0,0.0,1.0,0.0,0.0,0.0,0.0,0.0,0.0,0.0,0.0,0.0,0.0,0.0,0.0,0.0,0.0,0.0,0.0,0.0,0.0,0.0,0.0,0.0,0.0,0.0,0.0,1.0,0.0,0.0,0.0,0.0,0.0,0.0,1.0,0.0,1.0,0.0,0.0,1.0
153,9258.0,0.34830669426821564,0.22123697304362888,0.24478272641769092,0.47000362924573563,0.16705408466316624,0.4578330936254803,0.286156519142944,0.10379679368164356,0.11778303565638346,0.3813675565291038,0.42172562897994464,0.13400454143864873,0.07350246199292652,0.3364722366212129,0.3011050927839216,0.0,0.0,0.0,1.0,0.0,0.0,0.0,0.0,0.0,0.0,0.0,0.0,0.0,0.0,0.0,0.0,0.0,0.0,0.0,0.0,0.0,0.0,0.0,0.0,0.0,0.0,0.0,1.0,0.0,0.0,0.0,0.0,0.0,0.0,1.0,0.0,1.0,0.0,0.0,1.0
154,8058.0,0.3364722366212129,0.190226736301068,0.2073951943460706,0.494696241836107,0.16705408466316624,0.4578330936254803,0.32214241106638786,0.10379679368164356,0.11778303565638346,0.3813675565291038,0.42172562897994464,0.14593638429291567,0.07350246199292652,0.47000362924573563,0.3011050927839216,0.0,0.0,0.0,1.0,0.0,0.0,0.0,0.0,0.0,0.0,0.0,0.0,0.0,0.0,0.0,0.0,0.0,0.0,0.0,0.0,0.0,0.0,0.0,0.0,0.0,0.0,0.0,1.0,0.0,0.0,0.0,0.0,0.0,0.0,0.0,1.0,0.0,1.0,0.0,1.0
155,8238.0,0.3364722366212129,0.190226736301068,0.2073951943460706,0.494696241836107,0.16705408466316624,0.4578330936254803,0.32214241106638786,0.10379679368164356,0.11778303565638346,0.3813675565291038,0.42172562897994464,0.16014982154297108,0.07350246199292652,0.47000362924573563,0.3011050927839216,0.0,0.0,1.0,0.0,0.0,0.0,0.0,0.0,0.0,0.0,0.0,0.0,0.0,0.0,0.0,0.0,0.0,0.0,0.0,0.0,0.0,0.0,0.0,0.0,0.0,0.0,0.0,1.0,0.0,0.0,0.0,0.0,0.0,0.0,0.0,1.0,0.0,1.0,0.0,1.0
156,8449.0,0.30010459245033816,0.3088842801023836,0.324119468654212,0.36464311358790924,0.16705408466316624,0.3726752852851735,0.4269136515156478,0.25995752443692605,0.13431233760759406,0.5717863235556779,0.5774112285252868,0.28720869966187645,0.2399506696305911,0.5877866649021191,0.3011050927839216,0.0,1.0,0.0,0.0,0.0,0.0,0.0,0.0,0.0,0.0,0.0,0.0,0.0,0.0,0.0,0.0,0.0,0.0,0.0,0.0,0.0,0.0,0.0,0.0,0.0,0.0,0.0,1.0,0.0,0.0,0.0,0.0,0.0,0.0,0.0,1.0,0.0,1.0,0.0,1.0
157,9639.0,0.30010459245033816,0.3088842801023836,0.324119468654212,0.36464311358790924,0.16705408466316624,0.3726752852851735,0.4269136515156478,0.25995752443692605,0.13431233760759406,0.5717863235556779,0.5774112285252868,0.28578723531449873,0.2399506696305911,0.5877866649021191,0.3011050927839216,0.0,1.0,0.0,0.0,0.0,0.0,0.0,0.0,0.0,0.0,0.0,0.0,0.0,0.0,0.0,0.0,0.0,0.0,0.0,0.0,0.0,0.0,0.0,0.0,0.0,0.0,0.0,1.0,0.0,0.0,0.0,0.0,0.0,0.0,0.0,1.0,0.0,1.0,0.0,1.0
158,9989.0,0.30010459245033816,0.3088842801023836,0.324119468654212,0.36464311358790924,0.16705408466316624,0.3726752852851735,0.4269136515156478,0.25995752443692605,0.13431233760759406,0.5717863235556779,0.5774112285252868,0.2911073400775336,0.2399506696305911,0.5877866649021191,0.3011050927839216,0.0,0.0,1.0,0.0,0.0,0.0,0.0,0.0,0.0,0.0,0.0,0.0,0.0,0.0,0.0,0.0,0.0,0.0,0.0,0.0,0.0,0.0,0.0,0.0,0.0,0.0,0.0,1.0,0.0,0.0,0.0,0.0,0.0,0.0,0.0,1.0,0.0,1.0,0.0,1.0
159,11199.0,0.30010459245033816,0.3088842801023836,0.324119468654212,0.36464311358790924,0.16705408466316624,0.3726752852851735,0.4269136515156478,0.25995752443692605,0.13431233760759406,0.5717863235556779,0.5774112285252868,0.3353899122241419,0.2399506696305911,0.5877866649021191,0.3011050927839216,0.0,1.0,0.0,0.0,0.0,0.0,0.0,0.0,0.0,0.0,0.0,0.0,0.0,0.0,0.0,0.0,0.0,0.0,0.0,0.0,0.0,0.0,0.0,0.0,0.0,0.0,0.0,1.0,0.0,0.0,0.0,0.0,0.0,0.0,0.0,1.0,0.0,1.0,0.0,1.0
160,11549.0,0.30010459245033816,0.3088842801023836,0.324119468654212,0.36464311358790924,0.16705408466316624,0.3726752852851735,0.4269136515156478,0.25995752443692605,0.13431233760759406,0.5717863235556779,0.5774112285252868,0.34716464876867537,0.2399506696305911,0.5877866649021191,0.3011050927839216,0.0,0.0,1.0,0.0,0.0,0.0,0.0,0.0,0.0,0.0,0.0,0.0,0.0,0.0,0.0,0.0,0.0,0.0,0.0,0.0,0.0,0.0,0.0,0.0,0.0,0.0,0.0,1.0,0.0,0.0,0.0,0.0,0.0,0.0,0.0,1.0,0.0,1.0,0.0,1.0
161,17669.0,0.3600027340314069,0.3088842801023836,0.324119468654212,0.36464311358790924,0.16705408466316624,0.3726752852851735,0.4269136515156478,0.25995752443692605,0.13431233760759406,0.5717863235556779,0.5774112285252868,0.4308539026878487,0.2399506696305911,0.5877866649021191,0.3011050927839216,1.0,0.0,0.0,0.0,0.0,0.0,0.0,0.0,0.0,0.0,0.0,0.0,0.0,0.0,0.0,0.0,0.0,0.0,0.0,0.0,0.0,0.0,0.0,0.0,0.0,0.0,0.0,1.0,0.0,0.0,0.0,0.0,0.0,0.0,0.0,1.0,0.0,1.0,0.0,1.0
162,8948.0,0.4647816852645837,0.36992017068875316,0.4311734648183713,0.494696241836107,0.16705408466316624,0.4578330936254803,0.41892426148216894,0.184922338494012,0.10097591734000218,0.4382549309311553,0.589606501619105,0.20817164145639402,0.15656906069153992,0.1823215567939546,0.026668247082161055,0.0,0.0,0.0,1.0,0.0,0.0,0.0,0.0,0.0,0.0,0.0,0.0,0.0,0.0,0.0,0.0,0.0,0.0,0.0,0.0,0.0,0.0,0.0,0.0,0.0,0.0,0.0,1.0,0.0,0.0,0.0,0.0,0.0,0.0,1.0,0.0,1.0,0.0,0.0,1.0
163,10698.0,0.4647816852645837,0.36992017068875316,0.4311734648183713,0.5187937934151675,0.16705408466316624,0.43721380642274466,0.41892426148216894,0.1451820098444979,0.6773988235918061,0.41964974310012093,0.5303067593378132,0.2656716145174925,0.08524427986960971,0.1823215567939546,0.1732717212740366,0.0,0.0,0.0,1.0,0.0,0.0,0.0,0.0,0.0,0.0,0.0,0.0,0.0,0.0,0.0,0.0,0.0,0.0,0.0,0.0,0.0,0.0,0.0,0.0,0.0,0.0,0.0,1.0,0.0,0.0,0.0,0.0,0.0,0.0,1.0,0.0,1.0,0.0,1.0,0.0
164,9988.0,0.4110052884837797,0.36992017068875316,0.4311734648183713,0.44468582126144574,0.16705408466316624,0.4161603972249123,0.41892426148216894,0.184922338494012,0.10097591734000218,0.4382549309311553,0.589606501619105,0.2414324549798281,0.15656906069153992,0.1823215567939546,0.026668247082161055,0.0,0.0,1.0,0.0,0.0,0.0,0.0,0.0,0.0,0.0,0.0,0.0,0.0,0.0,0.0,0.0,0.0,0.0,0.0,0.0,0.0,0.0,0.0,0.0,0.0,0.0,0.0,1.0,0.0,0.0,0.0,0.0,0.0,0.0,1.0,0.0,1.0,0.0,0.0,1.0
165,10898.0,0.4647816852645837,0.36992017068875316,0.4311734648183713,0.44468582126144574,0.16705408466316624,0.4161603972249123,0.41892426148216894,0.184922338494012,0.10097591734000218,0.4382549309311553,0.589606501619105,0.2414324549798281,0.15656906069153992,0.1823215567939546,0.026668247082161055,0.0,0.0,0.0,1.0,0.0,0.0,0.0,0.0,0.0,0.0,0.0,0.0,0.0,0.0,0.0,0.0,0.0,0.0,0.0,0.0,0.0,0.0,0.0,0.0,0.0,0.0,0.0,1.0,0.0,0.0,0.0,0.0,0.0,0.0,1.0,0.0,1.0,0.0,0.0,1.0
166,11248.0,0.4110052884837797,0.36992017068875316,0.4311734648183713,0.44468582126144574,0.16705408466316624,0.4161603972249123,0.41892426148216894,0.184922338494012,0.10097591734000218,0.4382549309311553,0.589606501619105,0.2576569996678383,0.15656906069153992,0.1823215567939546,0.026668247082161055,0.0,0.0,1.0,0.0,0.0,0.0,0.0,0.0,0.0,0.0,0.0,0.0,0.0,0.0,0.0,0.0,0.0,0.0,0.0,0.0,0.0,0.0,0.0,0.0,0.0,0.0,0.0,1.0,0.0,0.0,0.0,0.0,0.0,0.0,1.0,0.0,1.0,0.0,0.0,1.0
167,16558.0,0.30010459245033816,0.4459060776666755,0.44378397241030126,0.2468600779315258,0.3101549283038396,0.22957444164450017,0.5193259785313833,0.3325583373000766,0.13431233760759406,0.41964974310012093,0.5303067593378132,0.4311614530516445,0.37971261200574963,0.6931471805599453,0.44952509790219486,0.0,0.0,1.0,0.0,0.0,0.0,0.0,0.0,0.0,0.0,0.0,0.0,0.0,0.0,0.0,0.0,0.0,0.0,0.0,0.0,0.0,0.0,0.0,0.0,0.0,0.0,0.0,1.0,0.0,0.0,0.0,0.0,0.0,0.0,0.0,1.0,0.0,1.0,0.0,1.0
168,15998.0,0.30010459245033816,0.4459060776666755,0.44378397241030126,0.2151113796169455,0.3101549283038396,0.22957444164450017,0.5193259785313833,0.3325583373000766,0.13431233760759406,0.41964974310012093,0.5303067593378132,0.4433865441809036,0.37971261200574963,0.6931471805599453,0.44952509790219486,0.0,0.0,1.0,0.0,0.0,0.0,0.0,0.0,0.0,0.0,0.0,0.0,0.0,0.0,0.0,0.0,0.0,0.0,0.0,0.0,0.0,0.0,0.0,0.0,0.0,0.0,0.0,1.0,0.0,0.0,0.0,0.0,0.0,0.0,0.0,1.0,0.0,1.0,0.0,1.0
169,15690.0,0.4219944100593749,0.36992017068875316,0.48310107575113553,0.2468600779315258,0.3101549283038396,0.22957444164450017,0.5700144951563214,0.3325583373000766,0.12883287184296838,0.41964974310012093,0.5303067593378132,0.47772340004490976,0.36511381258459713,0.1823215567939546,0.44952509790219486,0.0,0.0,0.0,1.0,0.0,0.0,0.0,0.0,0.0,0.0,0.0,0.0,0.0,0.0,0.0,0.0,0.0,0.0,0.0,0.0,0.0,0.0,0.0,0.0,0.0,0.0,0.0,1.0,0.0,0.0,0.0,0.0,0.0,0.0,0.0,1.0,1.0,0.0,0.0,1.0
170,15750.0,0.4219944100593749,0.36992017068875316,0.48310107575113553,0.2151113796169455,0.3101549283038396,0.22957444164450017,0.5700144951563214,0.3041473354672967,0.12883287184296838,0.41964974310012093,0.5303067593378132,0.48357650425855225,0.36511381258459713,0.1823215567939546,0.44952509790219486,0.0,0.0,0.0,0.0,1.0,0.0,0.0,0.0,0.0,0.0,0.0,0.0,0.0,0.0,0.0,0.0,0.0,0.0,0.0,0.0,0.0,0.0,0.0,0.0,0.0,0.0,0.0,0.0,1.0,0.0,0.0,0.0,0.0,0.0,0.0,1.0,1.0,0.0,0.0,1.0
171,7775.0,0.5058130819424466,0.3018667074437377,0.29255300268637746,0.6729444732424258,0.16705408466316624,0.676886659688165,0.3653768100398193,0.10026945316367515,0.6931471805599453,0.28946619424528225,0.5462560607454913,0.18287354198322528,0.0,0.5877866649021191,0.3011050927839216,0.0,0.0,0.0,1.0,0.0,0.0,0.0,0.0,0.0,0.0,0.0,0.0,0.0,0.0,0.0,0.0,0.0,0.0,0.0,0.0,0.0,0.0,0.0,0.0,0.0,0.0,0.0,0.0,0.0,1.0,0.0,0.0,0.0,0.0,1.0,0.0,0.0,1.0,1.0,0.0
172,7975.0,0.5058130819424466,0.3018667074437377,0.29255300268637746,0.44468582126144574,0.16705408466316624,0.4578330936254803,0.3653768100398193,0.14179791186025734,0.11778303565638346,0.3813675565291038,0.5462560607454913,0.1621639209146722,0.1308795745762291,0.5877866649021191,0.4666195312614948,0.0,0.0,0.0,1.0,0.0,0.0,0.0,0.0,0.0,0.0,0.0,0.0,0.0,0.0,0.0,0.0,0.0,0.0,0.0,0.0,0.0,0.0,0.0,0.0,0.0,0.0,0.0,0.0,0.0,0.0,1.0,0.0,0.0,0.0,1.0,0.0,0.0,1.0,0.0,1.0
173,7995.0,0.5058130819424466,0.3018667074437377,0.29255300268637746,0.6729444732424258,0.16705408466316624,0.676886659688165,0.3653768100398193,0.10026945316367515,0.6931471805599453,0.28946619424528225,0.5462560607454913,0.18405534239652563,0.0,0.5877866649021191,0.3011050927839216,0.0,0.0,0.0,1.0,0.0,0.0,0.0,0.0,0.0,0.0,0.0,0.0,0.0,0.0,0.0,0.0,0.0,0.0,0.0,0.0,0.0,0.0,0.0,0.0,0.0,0.0,0.0,0.0,0.0,0.0,1.0,0.0,0.0,0.0,1.0,0.0,1.0,0.0,1.0,0.0
174,8195.0,0.5058130819424466,0.3018667074437377,0.29255300268637746,0.44468582126144574,0.16705408466316624,0.4578330936254803,0.3653768100398193,0.14179791186025734,0.11778303565638346,0.3813675565291038,0.5462560607454913,0.16337043624301348,0.1308795745762291,0.5877866649021191,0.4666195312614948,0.0,0.0,0.0,1.0,0.0,0.0,0.0,0.0,0.0,0.0,0.0,0.0,0.0,0.0,0.0,0.0,0.0,0.0,0.0,0.0,0.0,0.0,0.0,0.0,0.0,0.0,0.0,0.0,0.0,0.0,1.0,0.0,0.0,0.0,1.0,0.0,1.0,0.0,0.0,1.0
175,8495.0,0.5058130819424466,0.3018667074437377,0.29255300268637746,0.44468582126144574,0.16705408466316624,0.4578330936254803,0.3653768100398193,0.14179791186025734,0.11778303565638346,0.3813675565291038,0.5462560607454913,0.1883767005257545,0.1308795745762291,0.5877866649021191,0.4666195312614948,0.0,0.0,0.0,1.0,0.0,0.0,0.0,0.0,0.0,0.0,0.0,0.0,0.0,0.0,0.0,0.0,0.0,0.0,0.0,0.0,0.0,0.0,0.0,0.0,0.0,0.0,0.0,0.0,0.0,0.0,1.0,0.0,0.0,0.0,1.0,0.0,1.0,0.0,0.0,1.0
176,9495.0,0.5058130819424466,0.3018667074437377,0.29255300268637746,0.6729444732424258,0.16705408466316624,0.6090640633494039,0.3653768100398193,0.10026945316367515,0.6931471805599453,0.28946619424528225,0.5462560607454913,0.20547777798393224,0.06559728248581327,0.5877866649021191,0.1732717212740366,0.0,0.0,0.0,1.0,0.0,0.0,0.0,0.0,0.0,0.0,0.0,0.0,0.0,0.0,0.0,0.0,0.0,0.0,0.0,0.0,0.0,0.0,0.0,0.0,0.0,0.0,0.0,0.0,0.0,0.0,1.0,0.0,0.0,0.0,1.0,0.0,1.0,0.0,1.0,0.0
177,9995.0,0.5058130819424466,0.3018667074437377,0.29255300268637746,0.41871033485818504,0.16705408466316624,0.4161603972249123,0.3653768100398193,0.14179791186025734,0.17185025692665923,0.3813675565291038,0.5462560607454913,0.19812906960818752,0.1851424331355959,0.5877866649021191,0.5479651707154473,0.0,0.0,0.0,1.0,0.0,0.0,0.0,0.0,0.0,0.0,0.0,0.0,0.0,0.0,0.0,0.0,0.0,0.0,0.0,0.0,0.0,0.0,0.0,0.0,0.0,0.0,0.0,0.0,0.0,0.0,1.0,0.0,0.0,0.0,1.0,0.0,1.0,0.0,0.0,1.0
178,11595.0,0.5007752879124892,0.20585205420414882,0.2073951943460706,0.36464311358790924,0.16705408466316624,0.35020242943311497,0.1731331307395487,0.14179791186025734,0.08961215868968714,0.3813675565291038,0.5462560607454913,0.18011056410550913,0.14929630136246017,0.6931471805599453,0.5479651707154473,1.0,0.0,0.0,0.0,0.0,0.0,0.0,0.0,0.0,0.0,0.0,0.0,0.0,0.0,0.0,0.0,0.0,0.0,0.0,0.0,0.0,0.0,0.0,0.0,0.0,0.0,0.0,0.0,0.0,0.0,0.0,0.0,1.0,0.0,1.0,0.0,0.0,1.0,0.0,1.0
179,9980.0,0.2623642644674913,0.190226736301068,0.2073951943460706,0.36464311358790924,0.16705408466316624,0.35020242943311497,0.2769540002117817,0.14179791186025734,0.08961215868968714,0.3813675565291038,0.5462560607454913,0.16698127266371643,0.14929630136246017,0.6931471805599453,0.5479651707154473,0.0,0.0,1.0,0.0,0.0,0.0,0.0,0.0,0.0,0.0,0.0,0.0,0.0,0.0,0.0,0.0,0.0,0.0,0.0,0.0,0.0,0.0,0.0,0.0,0.0,0.0,0.0,0.0,0.0,0.0,0.0,0.0,1.0,0.0,1.0,0.0,0.0,1.0,0.0,1.0
180,13295.0,0.47519844612283985,0.3958956570920143,0.37907835293496944,0.2151113796169455,0.24116205681688804,0.22957444164450017,0.47860474475482756,0.22937410106484582,0.08961215868968714,0.3813675565291038,0.5462560607454913,0.3292799135825634,0.21974796231307156,0.3364722366212129,0.5479651707154473,0.0,0.0,0.0,1.0,0.0,0.0,0.0,0.0,0.0,0.0,0.0,0.0,0.0,0.0,0.0,0.0,0.0,0.0,0.0,0.0,0.0,0.0,0.0,0.0,0.0,0.0,0.0,0.0,0.0,0.0,1.0,0.0,0.0,0.0,1.0,0.0,1.0,0.0,0.0,1.0
181,13845.0,0.47519844612283985,0.3958956570920143,0.37907835293496944,0.5877866649021191,0.16705408466316624,0.5363047090669756,0.47860474475482756,0.10026945316367515,0.6931471805599453,0.28946619424528225,0.5462560607454913,0.3009631044740539,0.06559728248581327,0.3364722366212129,0.1732717212740366,0.0,0.0,0.0,1.0,0.0,0.0,0.0,0.0,0.0,0.0,0.0,0.0,0.0,0.0,0.0,0.0,0.0,0.0,0.0,0.0,0.0,0.0,0.0,0.0,0.0,0.0,0.0,0.0,0.0,0.0,1.0,0.0,0.0,0.0,1.0,0.0,1.0,0.0,1.0,0.0
182,12290.0,0.47519844612283985,0.3958956570920143,0.37907835293496944,0.3920420877760237,0.16705408466316624,0.39465419200394874,0.5144774841847617,0.14179791186025734,0.11778303565638346,0.3813675565291038,0.5462560607454913,0.2953431388569145,0.14197026127038728,0.3364722366212129,0.5479651707154473,0.0,0.0,0.0,0.0,1.0,0.0,0.0,0.0,0.0,0.0,0.0,0.0,0.0,0.0,0.0,0.0,0.0,0.0,0.0,0.0,0.0,0.0,0.0,0.0,0.0,0.0,0.0,0.0,0.0,0.0,1.0,0.0,0.0,0.0,1.0,0.0,1.0,0.0,0.0,1.0
183,12940.0,0.5306282510621707,0.41494385206270873,0.47827014848147,0.3364722366212129,0.16705408466316624,0.3272129112084162,0.5814431909799442,0.24478272641769092,0.1451820098444979,0.6343066805370118,0.4638371143300716,0.4112850222940489,0.23326168147979434,0.0,0.516216472400867,0.0,0.0,0.0,1.0,0.0,0.0,0.0,0.0,0.0,0.0,0.0,0.0,0.0,0.0,0.0,0.0,0.0,0.0,0.0,0.0,0.0,0.0,0.0,0.0,0.0,0.0,0.0,0.0,0.0,0.0,0.0,1.0,0.0,0.0,0.0,1.0,1.0,0.0,0.0,1.0
184,13415.0,0.5924056107584135,0.41494385206270873,0.47827014848147,0.3364722366212129,0.16705408466316624,0.3272129112084162,0.5814431909799442,0.24478272641769092,0.1451820098444979,0.6343066805370118,0.4638371143300716,0.4488394507550517,0.23326168147979434,0.1823215567939546,0.516216472400867,0.0,0.0,0.0,0.0,1.0,0.0,0.0,0.0,0.0,0.0,0.0,0.0,0.0,0.0,0.0,0.0,0.0,0.0,0.0,0.0,0.0,0.0,0.0,0.0,0.0,0.0,0.0,0.0,0.0,0.0,0.0,1.0,0.0,0.0,0.0,1.0,1.0,0.0,0.0,1.0
185,15985.0,0.5306282510621707,0.41494385206270873,0.47827014848147,0.36464311358790924,0.16705408466316624,0.3272129112084162,0.5814431909799442,0.24478272641769092,0.1451820098444979,0.6343066805370118,0.4638371143300716,0.41847367647345707,0.23326168147979434,0.0,0.516216472400867,0.0,0.0,0.0,1.0,0.0,0.0,0.0,0.0,0.0,0.0,0.0,0.0,0.0,0.0,0.0,0.0,0.0,0.0,0.0,0.0,0.0,0.0,0.0,0.0,0.0,0.0,0.0,0.0,0.0,0.0,0.0,1.0,0.0,0.0,0.0,1.0,1.0,0.0,0.0,1.0
186,16515.0,0.5924056107584135,0.41494385206270873,0.47827014848147,0.36464311358790924,0.16705408466316624,0.3272129112084162,0.5814431909799442,0.24478272641769092,0.1451820098444979,0.6343066805370118,0.4638371143300716,0.4512534531343331,0.23326168147979434,0.1823215567939546,0.516216472400867,0.0,0.0,0.0,0.0,1.0,0.0,0.0,0.0,0.0,0.0,0.0,0.0,0.0,0.0,0.0,0.0,0.0,0.0,0.0,0.0,0.0,0.0,0.0,0.0,0.0,0.0,0.0,0.0,0.0,0.0,0.0,1.0,0.0,0.0,0.0,1.0,1.0,0.0,0.0,1.0
187,18420.0,0.5306282510621707,0.41494385206270873,0.47827014848147,0.1484200051182734,0.16705408466316624,0.17693070815907824,0.5814431909799442,0.21056476910734964,0.030771658666753687,0.5717863235556779,0.4638371143300716,0.4521572037606898,0.38260697003211425,0.0,0.41443377809092485,0.0,0.0,0.0,1.0,0.0,0.0,0.0,0.0,0.0,0.0,0.0,0.0,0.0,0.0,0.0,0.0,0.0,0.0,0.0,0.0,0.0,0.0,0.0,0.0,0.0,0.0,0.0,0.0,0.0,0.0,0.0,1.0,0.0,0.0,0.0,1.0,1.0,0.0,0.0,1.0
188,18950.0,0.5924056107584135,0.41494385206270873,0.47827014848147,0.1484200051182734,0.16705408466316624,0.17693070815907824,0.5814431909799442,0.21056476910734964,0.030771658666753687,0.5717863235556779,0.4638371143300716,0.4853257758416354,0.38260697003211425,0.1823215567939546,0.41443377809092485,0.0,0.0,0.0,0.0,1.0,0.0,0.0,0.0,0.0,0.0,0.0,0.0,0.0,0.0,0.0,0.0,0.0,0.0,0.0,0.0,0.0,0.0,0.0,0.0,0.0,0.0,0.0,0.0,0.0,0.0,0.0,1.0,0.0,0.0,0.0,1.0,1.0,0.0,0.0,1.0
189,16845.0,0.49571198595594274,0.5165236448806285,0.5882205985170857,0.3364722366212129,0.16705408466316624,0.3272129112084162,0.5814431909799442,0.24478272641769092,0.1451820098444979,0.6343066805370118,0.4638371143300716,0.4237540117737826,0.23326168147979434,0.1823215567939546,0.516216472400867,0.0,0.0,0.0,1.0,0.0,0.0,0.0,0.0,0.0,0.0,0.0,0.0,0.0,0.0,0.0,0.0,0.0,0.0,0.0,0.0,0.0,0.0,0.0,0.0,0.0,0.0,0.0,0.0,0.0,0.0,0.0,1.0,0.0,0.0,0.0,1.0,1.0,0.0,0.0,1.0
190,19045.0,0.49571198595594274,0.5108256237659903,0.5882205985170857,0.2151113796169455,0.16705408466316624,0.25489224962879004,0.5814431909799442,0.24478272641769092,0.10097591734000218,0.6343066805370118,0.4638371143300716,0.4533609354738977,0.37680985234778835,0.1823215567939546,0.4834266495778762,0.0,0.0,0.0,1.0,0.0,0.0,0.0,0.0,0.0,0.0,0.0,0.0,0.0,0.0,0.0,0.0,0.0,0.0,0.0,0.0,0.0,0.0,0.0,0.0,0.0,0.0,0.0,0.0,0.0,0.0,0.0,1.0,0.0,0.0,0.0,1.0,1.0,0.0,0.0,1.0
191,21485.0,0.49571198595594274,0.5165236448806285,0.5882205985170857,0.1823215567939546,0.3101549283038396,0.20359895524123955,0.5814431909799442,0.3381449440087164,0.10660973505825827,0.5555258026838977,0.3626678793363438,0.44217073856001377,0.29821957775456676,0.1823215567939546,0.5479651707154473,0.0,0.0,0.0,1.0,0.0,0.0,0.0,0.0,0.0,0.0,0.0,0.0,0.0,0.0,0.0,0.0,0.0,0.0,0.0,0.0,0.0,0.0,0.0,0.0,0.0,0.0,0.0,0.0,0.0,0.0,0.0,1.0,0.0,0.0,0.0,1.0,1.0,0.0,0.0,1.0
192,22470.0,0.49571198595594274,0.5165236448806285,0.5882205985170857,0.41871033485818504,0.3101549283038396,0.30368241379822214,0.5814431909799442,0.2569409308975004,0.6931471805599453,0.28946619424528225,0.5462560607454913,0.5026522271907754,0.20604911795490968,0.1823215567939546,0.3011050927839216,0.0,0.0,0.0,1.0,0.0,0.0,0.0,0.0,0.0,0.0,0.0,0.0,0.0,0.0,0.0,0.0,0.0,0.0,0.0,0.0,0.0,0.0,0.0,0.0,0.0,0.0,0.0,0.0,0.0,0.0,0.0,1.0,0.0,0.0,0.0,1.0,1.0,0.0,1.0,0.0
193,22625.0,0.49571198595594274,0.5165236448806285,0.5882205985170857,0.2151113796169455,0.16705408466316624,0.25489224962879004,0.5814431909799442,0.24478272641769092,0.1451820098444979,0.6343066805370118,0.4638371143300716,0.4572630866057236,0.23326168147979434,0.1823215567939546,0.516216472400867,0.0,0.0,0.0,1.0,0.0,0.0,0.0,0.0,0.0,0.0,0.0,0.0,0.0,0.0,0.0,0.0,0.0,0.0,0.0,0.0,0.0,0.0,0.0,0.0,0.0,0.0,0.0,0.0,0.0,0.0,0.0,1.0,0.0,0.0,0.0,1.0,1.0,0.0,0.0,1.0
